profile,policy,world_seed,mass_integral,ambient_food,survival_fraction,endpoint,boost_fraction,encounter_frames,initial_sha256
solo,parent,4025460523556532161,45.48,346,0.577,0,0.237,0,01542b8b5f2c3f6e21467cee332ce7b45b959024771766f9050e8fb4ef910af8
solo,parent,6132438967430754973,32.97966666666667,326,0.5296666666666666,0,0.23166666666666666,0,4891076917cda8741a5eb54c5ef4dd7c3ab8c02698ca51f30e618e6f8bfe1d24
solo,parent,4226836010550681307,18.934333333333335,260,0.42233333333333334,0,0.19233333333333333,0,febfffa218e797873b0a959281be25868eb083346ccb5c9cb618a18af916bb52
solo,parent,3049464744303959174,106.07266666666666,582,1.0,1,0.4726666666666667,0,446b49d039f235db8d5fb9650e2f49d84b4ffcb5e3d8f3c013025a1a641d444b
solo,parent,10229998584207992640,91.31166666666667,509,0.8686666666666667,0,0.3893333333333333,0,6ae03b0b8f4f87bc83bb7cb0558c258ffc49d78cf65c3aab83a337f014cebea5
solo,parent,15993818440005260082,109.789,602,1.0,1,0.461,0,b7a1263b91536f14ec09509f10a8183088910211f1484e70869283c4814b0dc8
solo,parent,10865659472933064718,59.38633333333333,404,0.655,0,0.2783333333333333,0,ba20f7c2edfef13e4da69bc1fadd22abef3e86006b7e11c272e13578e6b43a78
solo,parent,11993978686097320347,68.76266666666666,454,0.7793333333333333,0,0.35533333333333333,0,5c88e851ff59d182e8d6fa0b7749d5fe7f9259e1a18f337a7b707ec809cfdfdf
solo,parent,4042466536507980771,99.00266666666667,546,0.8993333333333333,0,0.4266666666666667,0,4a31d11dc2d223249fb4c113e182cc17643eec9556f8147a7778c5dec623b08f
solo,parent,16888614152733283137,98.108,535,0.9613333333333334,0,0.4563333333333333,0,6512747392f73917af72ddc5bc2ab41dd21e0b58120b10de404393e3119fe0a8
solo,parent,13619817126518124828,54.602,402,0.6776666666666666,0,0.2926666666666667,0,33b16bb7c9dc4e8faa4be24e40b2618039598b2f92445e2fb887defe45d5cab5
solo,parent,13244348232777345191,57.595666666666666,430,0.7383333333333333,0,0.31366666666666665,0,8dec87d3b34ae1c92a6adb5ac99bb4f5e0af7382ed63ca5fe6c883e44714115f
solo,parent,4235317471200773436,63.46333333333333,412,0.6853333333333333,0,0.286,0,9840c3d8bcbf28bc854081003e3e5c6fdcf52b0e8d86096acc920a2279666ccc
solo,parent,3440284749848459536,60.023,382,0.658,0,0.279,0,04c00f8c83bb1f772eb6e9e2a2cd5947cac926e605d14dea85adbf9c04f35c9e
solo,parent,8446819522945101579,107.17633333333333,568,1.0,1,0.4683333333333333,0,2b7464b3886a791eea589ab3ef59b92d15deb47f6ef68e87b3bbea4e78df920c
solo,parent,14487583833787780440,79.68833333333333,474,0.8236666666666667,0,0.37533333333333335,0,1ce58a477a727cda5d0770b03a867a378066fd0df16ae65f6d8715c9f4d2090a
solo,parent,11021507414342284230,88.87266666666666,503,0.8686666666666667,0,0.405,0,02d8e79e37668e4851a59b8640e711f6597e33663b3cd281ba2925ca1eb66aae
solo,parent,6317990673999603831,102.83266666666667,596,1.0,1,0.4706666666666667,0,36fbfe76b4e121bd1396f3dc7567297df767789b3e0b219b041d36668e128ed3
solo,parent,9292172507392153961,120.64233333333334,586,1.0,1,0.4523333333333333,0,25df4c414b5c67fe3ae4d4739735e1e53e2203e63a0110085b6dbf71a7d0e65b
solo,parent,12332638190369821084,71.27366666666667,446,0.762,0,0.3453333333333333,0,593576e2014a27f81ee3ea6cd8fcbd274b7a1c93359e98fa1c541636520b4587
solo,parent,528675050076819788,76.90633333333334,463,0.806,0,0.355,0,800ad7495b9c61b0296470f65cf542acf1513c61b538861f84fae1be596e3f7f
solo,parent,13384892673560858901,99.14033333333333,501,0.9,0,0.406,0,10992f09320a37f840c1ccbb1e6471b5f46e42ed60829008ee92d6242c375381
solo,parent,3640200104490204135,68.861,427,0.735,0,0.315,0,d565df9779a202a25a98d61e9c3f720b4997518d3fadf37e5c0363332eca08e1
solo,parent,11145610546945967640,112.57866666666666,570,1.0,1,0.433,0,fef4863833ee237290e0f3836a08a2172fe8f396dc98cdfe979074c47ebf85e0
solo,parent,6127918265318343173,74.701,449,0.7646666666666667,0,0.338,0,a54489e2a3b4550fa41734f577d999697804c1cf6eb4264573a46e9b90c70f39
solo,parent,7365264049418369774,26.700333333333333,265,0.435,0,0.191,0,8cc917afecd3dab828e9dd3c3d2a7f07dc4e65490d4ec96508e73e2714bd2a6f
solo,parent,208123470547061176,104.681,547,1.0,1,0.447,0,8793a45fc96917ebb7a85c4cd03e7f288a55f6c10137390d83ea57450efba347
solo,parent,13640199601723556817,115.763,603,1.0,1,0.47333333333333333,0,2c40266c713fd47f69299f95f896c5a55f7a340c6e1a330a6177adebac2c9816
solo,parent,17708342339199128345,64.14233333333334,425,0.73,0,0.31366666666666665,0,71f8e077c2a209f269561c9922a801c2b172bf63bd6efca11baf21b25fa1e346
solo,parent,13004855061970905751,46.842666666666666,375,0.6176666666666667,0,0.2693333333333333,0,fb433a24044f346e6101a70a4a1f80c4783b16fcb04735af0245792089abbc23
solo,parent,4187706870314298444,99.68866666666666,552,0.9813333333333333,0,0.44333333333333336,0,f3b91879dc3e1ee6e767ddecce3f6e2c1d96d0d5a65625771c75bd65e7c5c961
solo,parent,1820663875143982942,94.00566666666667,529,0.92,0,0.41433333333333333,0,4a074761ec595ea6f99c0a47b5cd54837abec5629a3774598743654e52ab3341
solo,candidate,4025460523556532161,7.876333333333333,91,1.0,1,0.9656666666666667,0,01542b8b5f2c3f6e21467cee332ce7b45b959024771766f9050e8fb4ef910af8
solo,candidate,6132438967430754973,53.81066666666667,734,1.0,1,0.684,0,4891076917cda8741a5eb54c5ef4dd7c3ab8c02698ca51f30e618e6f8bfe1d24
solo,candidate,4226836010550681307,41.26766666666666,725,1.0,1,0.6756666666666666,0,febfffa218e797873b0a959281be25868eb083346ccb5c9cb618a18af916bb52
solo,candidate,3049464744303959174,48.16866666666667,733,1.0,1,0.6816666666666666,0,446b49d039f235db8d5fb9650e2f49d84b4ffcb5e3d8f3c013025a1a641d444b
solo,candidate,10229998584207992640,58.330333333333336,712,1.0,1,0.669,0,6ae03b0b8f4f87bc83bb7cb0558c258ffc49d78cf65c3aab83a337f014cebea5
solo,candidate,15993818440005260082,60.620333333333335,727,1.0,1,0.678,0,b7a1263b91536f14ec09509f10a8183088910211f1484e70869283c4814b0dc8
solo,candidate,10865659472933064718,50.879666666666665,732,1.0,1,0.6773333333333333,0,ba20f7c2edfef13e4da69bc1fadd22abef3e86006b7e11c272e13578e6b43a78
solo,candidate,11993978686097320347,58.49633333333333,722,1.0,1,0.668,0,5c88e851ff59d182e8d6fa0b7749d5fe7f9259e1a18f337a7b707ec809cfdfdf
solo,candidate,4042466536507980771,44.62833333333333,750,1.0,1,0.6923333333333334,0,4a31d11dc2d223249fb4c113e182cc17643eec9556f8147a7778c5dec623b08f
solo,candidate,16888614152733283137,41.06433333333333,740,1.0,1,0.6883333333333334,0,6512747392f73917af72ddc5bc2ab41dd21e0b58120b10de404393e3119fe0a8
solo,candidate,13619817126518124828,50.88066666666667,715,1.0,1,0.6706666666666666,0,33b16bb7c9dc4e8faa4be24e40b2618039598b2f92445e2fb887defe45d5cab5
solo,candidate,13244348232777345191,7.221,305,0.4086666666666667,0,0.29433333333333334,0,8dec87d3b34ae1c92a6adb5ac99bb4f5e0af7382ed63ca5fe6c883e44714115f
solo,candidate,4235317471200773436,56.98766666666667,724,1.0,1,0.6633333333333333,0,9840c3d8bcbf28bc854081003e3e5c6fdcf52b0e8d86096acc920a2279666ccc
solo,candidate,3440284749848459536,46.10166666666667,698,1.0,1,0.657,0,04c00f8c83bb1f772eb6e9e2a2cd5947cac926e605d14dea85adbf9c04f35c9e
solo,candidate,8446819522945101579,14.584,400,0.549,0,0.37633333333333335,0,2b7464b3886a791eea589ab3ef59b92d15deb47f6ef68e87b3bbea4e78df920c
solo,candidate,14487583833787780440,61.098,715,1.0,1,0.6616666666666666,0,1ce58a477a727cda5d0770b03a867a378066fd0df16ae65f6d8715c9f4d2090a
solo,candidate,11021507414342284230,26.126333333333335,578,0.7933333333333333,0,0.5456666666666666,0,02d8e79e37668e4851a59b8640e711f6597e33663b3cd281ba2925ca1eb66aae
solo,candidate,6317990673999603831,45.74166666666667,708,1.0,1,0.669,0,36fbfe76b4e121bd1396f3dc7567297df767789b3e0b219b041d36668e128ed3
solo,candidate,9292172507392153961,38.416,700,1.0,1,0.6676666666666666,0,25df4c414b5c67fe3ae4d4739735e1e53e2203e63a0110085b6dbf71a7d0e65b
solo,candidate,12332638190369821084,46.50366666666667,646,0.877,0,0.606,0,593576e2014a27f81ee3ea6cd8fcbd274b7a1c93359e98fa1c541636520b4587
solo,candidate,528675050076819788,53.595666666666666,702,1.0,1,0.6563333333333333,0,800ad7495b9c61b0296470f65cf542acf1513c61b538861f84fae1be596e3f7f
solo,candidate,13384892673560858901,47.25966666666667,625,0.909,0,0.5866666666666667,0,10992f09320a37f840c1ccbb1e6471b5f46e42ed60829008ee92d6242c375381
solo,candidate,3640200104490204135,48.220666666666666,722,1.0,1,0.6733333333333333,0,d565df9779a202a25a98d61e9c3f720b4997518d3fadf37e5c0363332eca08e1
solo,candidate,11145610546945967640,49.538,738,1.0,1,0.6816666666666666,0,fef4863833ee237290e0f3836a08a2172fe8f396dc98cdfe979074c47ebf85e0
solo,candidate,6127918265318343173,43.544666666666664,693,1.0,1,0.6566666666666666,0,a54489e2a3b4550fa41734f577d999697804c1cf6eb4264573a46e9b90c70f39
solo,candidate,7365264049418369774,34.641333333333336,552,0.7453333333333333,0,0.494,0,8cc917afecd3dab828e9dd3c3d2a7f07dc4e65490d4ec96508e73e2714bd2a6f
solo,candidate,208123470547061176,35.148,699,1.0,1,0.682,0,8793a45fc96917ebb7a85c4cd03e7f288a55f6c10137390d83ea57450efba347
solo,candidate,13640199601723556817,45.776,704,1.0,1,0.658,0,2c40266c713fd47f69299f95f896c5a55f7a340c6e1a330a6177adebac2c9816
solo,candidate,17708342339199128345,41.49966666666667,754,1.0,1,0.6866666666666666,0,71f8e077c2a209f269561c9922a801c2b172bf63bd6efca11baf21b25fa1e346
solo,candidate,13004855061970905751,49.58166666666666,678,1.0,1,0.6563333333333333,0,fb433a24044f346e6101a70a4a1f80c4783b16fcb04735af0245792089abbc23
solo,candidate,4187706870314298444,38.71933333333333,695,1.0,1,0.672,0,f3b91879dc3e1ee6e767ddecce3f6e2c1d96d0d5a65625771c75bd65e7c5c961
solo,candidate,1820663875143982942,48.822,707,1.0,1,0.668,0,4a074761ec595ea6f99c0a47b5cd54837abec5629a3774598743654e52ab3341
solo,greedy_food,4025460523556532161,19.225666666666665,143,0.2693333333333333,0,0.0,0,01542b8b5f2c3f6e21467cee332ce7b45b959024771766f9050e8fb4ef910af8
solo,greedy_food,6132438967430754973,56.940333333333335,223,0.4786666666666667,0,0.0,0,4891076917cda8741a5eb54c5ef4dd7c3ab8c02698ca51f30e618e6f8bfe1d24
solo,greedy_food,4226836010550681307,4.498666666666667,62,0.12833333333333333,0,0.0,0,febfffa218e797873b0a959281be25868eb083346ccb5c9cb618a18af916bb52
solo,greedy_food,3049464744303959174,23.305666666666667,153,0.304,0,0.0,0,446b49d039f235db8d5fb9650e2f49d84b4ffcb5e3d8f3c013025a1a641d444b
solo,greedy_food,10229998584207992640,1.265,35,0.065,0,0.0,0,6ae03b0b8f4f87bc83bb7cb0558c258ffc49d78cf65c3aab83a337f014cebea5
solo,greedy_food,15993818440005260082,9.530333333333333,96,0.18866666666666668,0,0.0,0,b7a1263b91536f14ec09509f10a8183088910211f1484e70869283c4814b0dc8
solo,greedy_food,10865659472933064718,5.850666666666666,68,0.16066666666666668,0,0.0,0,ba20f7c2edfef13e4da69bc1fadd22abef3e86006b7e11c272e13578e6b43a78
solo,greedy_food,11993978686097320347,2.239,47,0.09533333333333334,0,0.0,0,5c88e851ff59d182e8d6fa0b7749d5fe7f9259e1a18f337a7b707ec809cfdfdf
solo,greedy_food,4042466536507980771,22.707333333333334,156,0.303,0,0.0,0,4a31d11dc2d223249fb4c113e182cc17643eec9556f8147a7778c5dec623b08f
solo,greedy_food,16888614152733283137,1.405,40,0.067,0,0.0,0,6512747392f73917af72ddc5bc2ab41dd21e0b58120b10de404393e3119fe0a8
solo,greedy_food,13619817126518124828,65.96533333333333,253,0.5363333333333333,0,0.0,0,33b16bb7c9dc4e8faa4be24e40b2618039598b2f92445e2fb887defe45d5cab5
solo,greedy_food,13244348232777345191,11.349,95,0.22466666666666665,0,0.0,0,8dec87d3b34ae1c92a6adb5ac99bb4f5e0af7382ed63ca5fe6c883e44714115f
solo,greedy_food,4235317471200773436,4.652333333333333,74,0.12566666666666668,0,0.0,0,9840c3d8bcbf28bc854081003e3e5c6fdcf52b0e8d86096acc920a2279666ccc
solo,greedy_food,3440284749848459536,16.192333333333334,131,0.24666666666666667,0,0.0,0,04c00f8c83bb1f772eb6e9e2a2cd5947cac926e605d14dea85adbf9c04f35c9e
solo,greedy_food,8446819522945101579,8.709333333333333,98,0.18966666666666668,0,0.0,0,2b7464b3886a791eea589ab3ef59b92d15deb47f6ef68e87b3bbea4e78df920c
solo,greedy_food,14487583833787780440,50.254,215,0.458,0,0.0,0,1ce58a477a727cda5d0770b03a867a378066fd0df16ae65f6d8715c9f4d2090a
solo,greedy_food,11021507414342284230,29.042,158,0.3343333333333333,0,0.0,0,02d8e79e37668e4851a59b8640e711f6597e33663b3cd281ba2925ca1eb66aae
solo,greedy_food,6317990673999603831,0.7656666666666667,27,0.04833333333333333,0,0.0,0,36fbfe76b4e121bd1396f3dc7567297df767789b3e0b219b041d36668e128ed3
solo,greedy_food,9292172507392153961,11.976666666666667,110,0.212,0,0.0,0,25df4c414b5c67fe3ae4d4739735e1e53e2203e63a0110085b6dbf71a7d0e65b
solo,greedy_food,12332638190369821084,38.353,203,0.374,0,0.0,0,593576e2014a27f81ee3ea6cd8fcbd274b7a1c93359e98fa1c541636520b4587
solo,greedy_food,528675050076819788,29.915666666666667,172,0.32133333333333336,0,0.0,0,800ad7495b9c61b0296470f65cf542acf1513c61b538861f84fae1be596e3f7f
solo,greedy_food,13384892673560858901,5.367666666666667,74,0.13933333333333334,0,0.0,0,10992f09320a37f840c1ccbb1e6471b5f46e42ed60829008ee92d6242c375381
solo,greedy_food,3640200104490204135,24.988666666666667,168,0.297,0,0.0,0,d565df9779a202a25a98d61e9c3f720b4997518d3fadf37e5c0363332eca08e1
solo,greedy_food,11145610546945967640,27.598333333333333,174,0.322,0,0.0,0,fef4863833ee237290e0f3836a08a2172fe8f396dc98cdfe979074c47ebf85e0
solo,greedy_food,6127918265318343173,6.814333333333333,89,0.14833333333333334,0,0.0,0,a54489e2a3b4550fa41734f577d999697804c1cf6eb4264573a46e9b90c70f39
solo,greedy_food,7365264049418369774,16.319,126,0.24033333333333334,0,0.0,0,8cc917afecd3dab828e9dd3c3d2a7f07dc4e65490d4ec96508e73e2714bd2a6f
solo,greedy_food,208123470547061176,16.718333333333334,122,0.25333333333333335,0,0.0,0,8793a45fc96917ebb7a85c4cd03e7f288a55f6c10137390d83ea57450efba347
solo,greedy_food,13640199601723556817,14.274,128,0.22033333333333333,0,0.0,0,2c40266c713fd47f69299f95f896c5a55f7a340c6e1a330a6177adebac2c9816
solo,greedy_food,17708342339199128345,0.5286666666666666,23,0.043333333333333335,0,0.0,0,71f8e077c2a209f269561c9922a801c2b172bf63bd6efca11baf21b25fa1e346
solo,greedy_food,13004855061970905751,35.165333333333336,186,0.37233333333333335,0,0.0,0,fb433a24044f346e6101a70a4a1f80c4783b16fcb04735af0245792089abbc23
solo,greedy_food,4187706870314298444,4.012666666666667,70,0.11466666666666667,0,0.0,0,f3b91879dc3e1ee6e767ddecce3f6e2c1d96d0d5a65625771c75bd65e7c5c961
solo,greedy_food,1820663875143982942,35.10466666666667,185,0.366,0,0.0,0,4a074761ec595ea6f99c0a47b5cd54837abec5629a3774598743654e52ab3341
solo,random_safe,4025460523556532161,0.537,8,0.229,0,0.0,0,01542b8b5f2c3f6e21467cee332ce7b45b959024771766f9050e8fb4ef910af8
solo,random_safe,6132438967430754973,0.4886666666666667,10,0.10833333333333334,0,0.0,0,4891076917cda8741a5eb54c5ef4dd7c3ab8c02698ca51f30e618e6f8bfe1d24
solo,random_safe,4226836010550681307,1.8876666666666666,12,0.24266666666666667,0,0.0,0,febfffa218e797873b0a959281be25868eb083346ccb5c9cb618a18af916bb52
solo,random_safe,3049464744303959174,0.9486666666666667,8,0.24433333333333335,0,0.0,0,446b49d039f235db8d5fb9650e2f49d84b4ffcb5e3d8f3c013025a1a641d444b
solo,random_safe,10229998584207992640,1.2063333333333333,13,0.20833333333333334,0,0.0,0,6ae03b0b8f4f87bc83bb7cb0558c258ffc49d78cf65c3aab83a337f014cebea5
solo,random_safe,15993818440005260082,1.198,11,0.18933333333333333,0,0.0,0,b7a1263b91536f14ec09509f10a8183088910211f1484e70869283c4814b0dc8
solo,random_safe,10865659472933064718,3.957666666666667,14,0.465,0,0.0,0,ba20f7c2edfef13e4da69bc1fadd22abef3e86006b7e11c272e13578e6b43a78
solo,random_safe,11993978686097320347,4.026666666666666,19,0.643,0,0.0,0,5c88e851ff59d182e8d6fa0b7749d5fe7f9259e1a18f337a7b707ec809cfdfdf
solo,random_safe,4042466536507980771,1.804,10,0.29433333333333334,0,0.0,0,4a31d11dc2d223249fb4c113e182cc17643eec9556f8147a7778c5dec623b08f
solo,random_safe,16888614152733283137,1.874,17,0.19466666666666665,0,0.0,0,6512747392f73917af72ddc5bc2ab41dd21e0b58120b10de404393e3119fe0a8
solo,random_safe,13619817126518124828,1.404,10,0.22833333333333333,0,0.0,0,33b16bb7c9dc4e8faa4be24e40b2618039598b2f92445e2fb887defe45d5cab5
solo,random_safe,13244348232777345191,0.542,8,0.11166666666666666,0,0.0,0,8dec87d3b34ae1c92a6adb5ac99bb4f5e0af7382ed63ca5fe6c883e44714115f
solo,random_safe,4235317471200773436,1.1526666666666667,12,0.18733333333333332,0,0.0,0,9840c3d8bcbf28bc854081003e3e5c6fdcf52b0e8d86096acc920a2279666ccc
solo,random_safe,3440284749848459536,3.256666666666667,21,0.3616666666666667,0,0.0,0,04c00f8c83bb1f772eb6e9e2a2cd5947cac926e605d14dea85adbf9c04f35c9e
solo,random_safe,8446819522945101579,1.4433333333333334,14,0.20366666666666666,0,0.0,0,2b7464b3886a791eea589ab3ef59b92d15deb47f6ef68e87b3bbea4e78df920c
solo,random_safe,14487583833787780440,1.9126666666666667,16,0.22166666666666668,0,0.0,0,1ce58a477a727cda5d0770b03a867a378066fd0df16ae65f6d8715c9f4d2090a
solo,random_safe,11021507414342284230,1.1936666666666667,9,0.21333333333333335,0,0.0,0,02d8e79e37668e4851a59b8640e711f6597e33663b3cd281ba2925ca1eb66aae
solo,random_safe,6317990673999603831,1.3606666666666667,15,0.18333333333333332,0,0.0,0,36fbfe76b4e121bd1396f3dc7567297df767789b3e0b219b041d36668e128ed3
solo,random_safe,9292172507392153961,2.179666666666667,11,0.27466666666666667,0,0.0,0,25df4c414b5c67fe3ae4d4739735e1e53e2203e63a0110085b6dbf71a7d0e65b
solo,random_safe,12332638190369821084,1.3386666666666667,12,0.17133333333333334,0,0.0,0,593576e2014a27f81ee3ea6cd8fcbd274b7a1c93359e98fa1c541636520b4587
solo,random_safe,528675050076819788,0.7943333333333333,10,0.14666666666666667,0,0.0,0,800ad7495b9c61b0296470f65cf542acf1513c61b538861f84fae1be596e3f7f
solo,random_safe,13384892673560858901,0.789,10,0.147,0,0.0,0,10992f09320a37f840c1ccbb1e6471b5f46e42ed60829008ee92d6242c375381
solo,random_safe,3640200104490204135,1.386,10,0.21066666666666667,0,0.0,0,d565df9779a202a25a98d61e9c3f720b4997518d3fadf37e5c0363332eca08e1
solo,random_safe,11145610546945967640,0.9993333333333333,9,0.2906666666666667,0,0.0,0,fef4863833ee237290e0f3836a08a2172fe8f396dc98cdfe979074c47ebf85e0
solo,random_safe,6127918265318343173,1.318,13,0.20666666666666667,0,0.0,0,a54489e2a3b4550fa41734f577d999697804c1cf6eb4264573a46e9b90c70f39
solo,random_safe,7365264049418369774,2.0376666666666665,14,0.285,0,0.0,0,8cc917afecd3dab828e9dd3c3d2a7f07dc4e65490d4ec96508e73e2714bd2a6f
solo,random_safe,208123470547061176,1.0923333333333334,13,0.211,0,0.0,0,8793a45fc96917ebb7a85c4cd03e7f288a55f6c10137390d83ea57450efba347
solo,random_safe,13640199601723556817,1.3146666666666667,8,0.22133333333333333,0,0.0,0,2c40266c713fd47f69299f95f896c5a55f7a340c6e1a330a6177adebac2c9816
solo,random_safe,17708342339199128345,2.542333333333333,10,0.388,0,0.0,0,71f8e077c2a209f269561c9922a801c2b172bf63bd6efca11baf21b25fa1e346
solo,random_safe,13004855061970905751,2.1773333333333333,14,0.308,0,0.0,0,fb433a24044f346e6101a70a4a1f80c4783b16fcb04735af0245792089abbc23
solo,random_safe,4187706870314298444,2.1426666666666665,13,0.25366666666666665,0,0.0,0,f3b91879dc3e1ee6e767ddecce3f6e2c1d96d0d5a65625771c75bd65e7c5c961
solo,random_safe,1820663875143982942,3.118,12,0.39166666666666666,0,0.0,0,4a074761ec595ea6f99c0a47b5cd54837abec5629a3774598743654e52ab3341
food_pressure,parent,16192517873885417067,38.165333333333336,313,0.5173333333333333,0,0.23166666666666666,355,678135abe3fdac829afc606b4e84dfded72065d91c02bc24807079bfe86e9247
food_pressure,parent,10920110222769794835,116.732,512,0.903,0,0.475,758,7200c303bd9e1082ddc5b6356bbdcf074cea0430b655217154b4230800e287f7
food_pressure,parent,12716181714695619655,30.048333333333332,275,0.44966666666666666,0,0.21366666666666667,381,5a35109d24ed2aca138e8dd4ecc1461279c920ba30e18ed486620391840f8803
food_pressure,parent,1935162690410127757,69.236,372,0.646,0,0.3393333333333333,468,1970f4bc554bdd2dfa8867e6efd2aa329f5409fa406650016248e3c417513690
food_pressure,parent,3791818657801496014,62.16833333333334,402,0.6946666666666667,0,0.334,665,9525c54fab4cfc6577499ffa429f64c26b141b6425fd0c2244a2f895592e3dbe
food_pressure,parent,5113956037769663468,31.374,284,0.4583333333333333,0,0.20533333333333334,343,91a9d8bfc33e9fd5d59afd35a9c662db79053683faafcf542c1abbb606faf053
food_pressure,parent,8449105908865752387,62.62233333333333,426,0.6403333333333333,0,0.31766666666666665,459,1556d8f942dc9ac049ec39c5a5e3ada6114c3618ccfe8bc5add35d31ee55aaeb
food_pressure,parent,11326830019122418384,113.25133333333333,567,0.985,0,0.5163333333333333,733,7557ea0a65682e0142076efa0dfc45583882f6480e9fdb108006d8fa9993f5c0
food_pressure,parent,8487567884664011888,77.63433333333333,458,0.7543333333333333,0,0.38266666666666665,617,54d7d3d841f488f701b259338d8a552ce5777396e9302c75b6612efa448ebcd6
food_pressure,parent,3244070577842118511,76.84133333333334,439,0.7316666666666667,0,0.31133333333333335,569,49580d615c77312d234838c4debdafcb151dd789a7183553c0b3f4d9620d1917
food_pressure,parent,17930486455161109425,13.545,203,0.31033333333333335,0,0.13833333333333334,254,da6c5596ab4a26ceadc0a54928ce831fa3dced2ece08a88f0417c57224ca2298
food_pressure,parent,4635222724935381574,92.67033333333333,452,0.8296666666666667,0,0.4036666666666667,607,75195c01b66736a78de8e921751c80a88bd0fa41c5d0c61f6af7b49a3ee700d8
food_pressure,parent,13107574195066950903,68.13,421,0.7103333333333334,0,0.33766666666666667,647,108502747d4a4b220c3a98b40a73f5b10f83b11c5d29e6f08d8f55f6daa62335
food_pressure,parent,8998822933635128902,50.74133333333333,323,0.551,0,0.24866666666666667,436,8ecf1bbeb8d7490c19fbb3b73a3b0e532747e9548a687d47fcfea4444bf60b91
food_pressure,parent,7877913725436959869,82.51333333333334,479,0.766,0,0.3596666666666667,488,03e21ffed9e738c1ee9e7278d50715b840d671cdbbb75666e6ea3db314f0b11e
food_pressure,parent,5034708075750202354,16.875,162,0.32966666666666666,0,0.12966666666666668,172,dae9979fa7744a7f499cbb12ce8710a976b25c1e370b55cc91f776ab3ac77a75
food_pressure,parent,786156824251810237,75.24633333333334,402,0.6986666666666667,0,0.334,456,4f50164352d3f7cea865988ea95eec4a7f2a1005cd190144d8a9c9b9d05f6409
food_pressure,parent,2274921209271322910,0.0036666666666666666,0,0.0036666666666666666,0,0.0,0,c2ad012260494129b50d9ed19c6a8f30a5cdcb2343991f74df1b9e4f10e89d2a
food_pressure,parent,15264164083411812281,16.987666666666666,240,0.32466666666666666,0,0.15,216,7b3004bf8955071cfbb90a4a700f0186373bb6b60dc55f03e787ba5e4fc30baa
food_pressure,parent,16585956335181253984,68.111,404,0.688,0,0.35233333333333333,339,e443324a6cc7c8717b90a89059e062e96c0439711b2ad00a7a625227ee90a454
food_pressure,parent,10481940072710683365,29.732333333333333,275,0.4513333333333333,0,0.18833333333333332,196,9bc745cc3f25a2f7396547a330b6e22b5c53bb8e1b149a22a385ea7b73b35230
food_pressure,parent,17815581025328684310,36.37,275,0.46266666666666667,0,0.20033333333333334,393,dca35f8f15d496864102557fbfd112861f731a03965df679ff31744529de8b7d
food_pressure,parent,3277579945076463464,20.061333333333334,196,0.3293333333333333,0,0.15466666666666667,187,4d76fef8e19039ebd8d923a1fb744865043228824e1115d3785cf9f43d2d9014
food_pressure,parent,659299000482025000,82.1,440,0.7256666666666667,0,0.37133333333333335,408,39b2dd263cccc8e2fbe4047ae8de07bc0783c58324f6f324b5218697847facc9
food_pressure,parent,9215946228622177101,14.854333333333333,178,0.27466666666666667,0,0.112,204,193be7bd637d5557749816ba438ac69a2dcf9d7c20f2c0f756c734fb6669426a
food_pressure,parent,5551184893446187821,46.459666666666664,352,0.57,0,0.26666666666666666,382,63abb259943d421a142a816694be929ba905367276cb15cba17a08d1e6ce7502
food_pressure,parent,15675219176053374575,65.89566666666667,471,0.825,0,0.382,475,12a17e4dd03ce97a7fbdf6e2f89fa33d6b45e0b2f2067a0cd7e245ebeeceeaae
food_pressure,parent,7667143633049166717,64.39933333333333,342,0.6263333333333333,0,0.30033333333333334,591,7b6dd59cf83b473ba73ac0f3b9ca431409c3a84a50c4799c4cba8cedcec3e9d6
food_pressure,parent,13101762862354973690,62.44166666666667,384,0.605,0,0.26966666666666667,453,fa4b7ce3bda444e92b962707e22c86b16a9b546c97b572e045fc9ce298f31528
food_pressure,parent,10249784966359477637,94.383,499,0.7893333333333333,0,0.41733333333333333,646,6fb8165af38212a9c457a4ae01ad8398f080066dd4a71bfe3f62b2f39a1fba2b
food_pressure,parent,7165479381385786982,9.136333333333333,146,0.24366666666666667,0,0.10566666666666667,178,7eb5ef80edf6bb121f76102bf3d8077c9aba31874c5527e0c50c007f1212eb91
food_pressure,parent,18422725904578179737,5.738,127,0.17966666666666667,0,0.07766666666666666,148,c64fa82482ada7810bc611e8bb094c31ab32a10fd28193c1991863f3931066a6
food_pressure,candidate,16192517873885417067,67.583,751,1.0,1,0.6656666666666666,657,678135abe3fdac829afc606b4e84dfded72065d91c02bc24807079bfe86e9247
food_pressure,candidate,10920110222769794835,36.510666666666665,475,0.6943333333333334,0,0.4493333333333333,611,7200c303bd9e1082ddc5b6356bbdcf074cea0430b655217154b4230800e287f7
food_pressure,candidate,12716181714695619655,47.806666666666665,693,0.8883333333333333,0,0.6273333333333333,520,5a35109d24ed2aca138e8dd4ecc1461279c920ba30e18ed486620391840f8803
food_pressure,candidate,1935162690410127757,49.99933333333333,750,1.0,1,0.6783333333333333,831,1970f4bc554bdd2dfa8867e6efd2aa329f5409fa406650016248e3c417513690
food_pressure,candidate,3791818657801496014,58.643,726,1.0,1,0.6966666666666667,681,9525c54fab4cfc6577499ffa429f64c26b141b6425fd0c2244a2f895592e3dbe
food_pressure,candidate,5113956037769663468,37.617333333333335,608,0.7693333333333333,0,0.5363333333333333,384,91a9d8bfc33e9fd5d59afd35a9c662db79053683faafcf542c1abbb606faf053
food_pressure,candidate,8449105908865752387,6.191666666666666,230,0.31966666666666665,0,0.209,367,1556d8f942dc9ac049ec39c5a5e3ada6114c3618ccfe8bc5add35d31ee55aaeb
food_pressure,candidate,11326830019122418384,70.15566666666666,759,1.0,1,0.6936666666666667,821,7557ea0a65682e0142076efa0dfc45583882f6480e9fdb108006d8fa9993f5c0
food_pressure,candidate,8487567884664011888,66.01666666666667,675,0.9426666666666667,0,0.629,533,54d7d3d841f488f701b259338d8a552ce5777396e9302c75b6612efa448ebcd6
food_pressure,candidate,3244070577842118511,60.419,725,1.0,1,0.675,993,49580d615c77312d234838c4debdafcb151dd789a7183553c0b3f4d9620d1917
food_pressure,candidate,17930486455161109425,30.774,483,0.6066666666666667,0,0.4166666666666667,455,da6c5596ab4a26ceadc0a54928ce831fa3dced2ece08a88f0417c57224ca2298
food_pressure,candidate,4635222724935381574,13.162333333333333,295,0.41,0,0.2663333333333333,216,75195c01b66736a78de8e921751c80a88bd0fa41c5d0c61f6af7b49a3ee700d8
food_pressure,candidate,13107574195066950903,53.11633333333333,697,1.0,1,0.665,830,108502747d4a4b220c3a98b40a73f5b10f83b11c5d29e6f08d8f55f6daa62335
food_pressure,candidate,8998822933635128902,46.863,563,0.7193333333333334,0,0.49466666666666664,668,8ecf1bbeb8d7490c19fbb3b73a3b0e532747e9548a687d47fcfea4444bf60b91
food_pressure,candidate,7877913725436959869,67.483,701,1.0,1,0.647,725,03e21ffed9e738c1ee9e7278d50715b840d671cdbbb75666e6ea3db314f0b11e
food_pressure,candidate,5034708075750202354,32.83266666666667,617,0.875,0,0.5846666666666667,839,dae9979fa7744a7f499cbb12ce8710a976b25c1e370b55cc91f776ab3ac77a75
food_pressure,candidate,786156824251810237,75.40166666666667,732,1.0,1,0.6703333333333333,714,4f50164352d3f7cea865988ea95eec4a7f2a1005cd190144d8a9c9b9d05f6409
food_pressure,candidate,2274921209271322910,15.498,335,0.43966666666666665,0,0.28833333333333333,336,c2ad012260494129b50d9ed19c6a8f30a5cdcb2343991f74df1b9e4f10e89d2a
food_pressure,candidate,15264164083411812281,62.06066666666667,731,1.0,1,0.6666666666666666,637,7b3004bf8955071cfbb90a4a700f0186373bb6b60dc55f03e787ba5e4fc30baa
food_pressure,candidate,16585956335181253984,25.094,442,0.5503333333333333,0,0.37066666666666664,297,e443324a6cc7c8717b90a89059e062e96c0439711b2ad00a7a625227ee90a454
food_pressure,candidate,10481940072710683365,56.63733333333333,754,1.0,1,0.6906666666666667,693,9bc745cc3f25a2f7396547a330b6e22b5c53bb8e1b149a22a385ea7b73b35230
food_pressure,candidate,17815581025328684310,60.745333333333335,735,1.0,1,0.676,656,dca35f8f15d496864102557fbfd112861f731a03965df679ff31744529de8b7d
food_pressure,candidate,3277579945076463464,40.06633333333333,531,0.6413333333333333,0,0.439,527,4d76fef8e19039ebd8d923a1fb744865043228824e1115d3785cf9f43d2d9014
food_pressure,candidate,659299000482025000,75.20533333333333,781,1.0,1,0.6896666666666667,775,39b2dd263cccc8e2fbe4047ae8de07bc0783c58324f6f324b5218697847facc9
food_pressure,candidate,9215946228622177101,68.05333333333333,701,1.0,1,0.6656666666666666,768,193be7bd637d5557749816ba438ac69a2dcf9d7c20f2c0f756c734fb6669426a
food_pressure,candidate,5551184893446187821,37.337,714,1.0,1,0.6773333333333333,874,63abb259943d421a142a816694be929ba905367276cb15cba17a08d1e6ce7502
food_pressure,candidate,15675219176053374575,49.37533333333333,579,0.7483333333333333,0,0.5076666666666667,479,12a17e4dd03ce97a7fbdf6e2f89fa33d6b45e0b2f2067a0cd7e245ebeeceeaae
food_pressure,candidate,7667143633049166717,45.97366666666667,554,0.7616666666666667,0,0.5156666666666667,739,7b6dd59cf83b473ba73ac0f3b9ca431409c3a84a50c4799c4cba8cedcec3e9d6
food_pressure,candidate,13101762862354973690,25.746,423,0.5826666666666667,0,0.38566666666666666,460,fa4b7ce3bda444e92b962707e22c86b16a9b546c97b572e045fc9ce298f31528
food_pressure,candidate,10249784966359477637,69.82933333333334,758,1.0,1,0.6826666666666666,666,6fb8165af38212a9c457a4ae01ad8398f080066dd4a71bfe3f62b2f39a1fba2b
food_pressure,candidate,7165479381385786982,37.720666666666666,511,0.6563333333333333,0,0.43466666666666665,477,7eb5ef80edf6bb121f76102bf3d8077c9aba31874c5527e0c50c007f1212eb91
food_pressure,candidate,18422725904578179737,42.41166666666667,499,0.6786666666666666,0,0.46266666666666667,513,c64fa82482ada7810bc611e8bb094c31ab32a10fd28193c1991863f3931066a6
food_pressure,greedy_food,16192517873885417067,2.7303333333333333,48,0.10133333333333333,0,0.0,105,678135abe3fdac829afc606b4e84dfded72065d91c02bc24807079bfe86e9247
food_pressure,greedy_food,10920110222769794835,23.429,152,0.2703333333333333,0,0.0,234,7200c303bd9e1082ddc5b6356bbdcf074cea0430b655217154b4230800e287f7
food_pressure,greedy_food,12716181714695619655,0.9953333333333333,25,0.059333333333333335,0,0.0,78,5a35109d24ed2aca138e8dd4ecc1461279c920ba30e18ed486620391840f8803
food_pressure,greedy_food,1935162690410127757,10.180666666666667,91,0.172,0,0.0,226,1970f4bc554bdd2dfa8867e6efd2aa329f5409fa406650016248e3c417513690
food_pressure,greedy_food,3791818657801496014,24.014666666666667,157,0.30733333333333335,0,0.0,206,9525c54fab4cfc6577499ffa429f64c26b141b6425fd0c2244a2f895592e3dbe
food_pressure,greedy_food,5113956037769663468,14.686666666666667,114,0.22533333333333333,0,0.0,345,91a9d8bfc33e9fd5d59afd35a9c662db79053683faafcf542c1abbb606faf053
food_pressure,greedy_food,8449105908865752387,4.038,51,0.12233333333333334,0,0.0,18,1556d8f942dc9ac049ec39c5a5e3ada6114c3618ccfe8bc5add35d31ee55aaeb
food_pressure,greedy_food,11326830019122418384,3.3,50,0.12133333333333333,0,0.0,14,7557ea0a65682e0142076efa0dfc45583882f6480e9fdb108006d8fa9993f5c0
food_pressure,greedy_food,8487567884664011888,9.38,75,0.14633333333333334,0,0.0,33,54d7d3d841f488f701b259338d8a552ce5777396e9302c75b6612efa448ebcd6
food_pressure,greedy_food,3244070577842118511,0.5426666666666666,20,0.042333333333333334,0,0.0,89,49580d615c77312d234838c4debdafcb151dd789a7183553c0b3f4d9620d1917
food_pressure,greedy_food,17930486455161109425,7.641666666666667,72,0.17366666666666666,0,0.0,276,da6c5596ab4a26ceadc0a54928ce831fa3dced2ece08a88f0417c57224ca2298
food_pressure,greedy_food,4635222724935381574,40.11633333333333,168,0.414,0,0.0,304,75195c01b66736a78de8e921751c80a88bd0fa41c5d0c61f6af7b49a3ee700d8
food_pressure,greedy_food,13107574195066950903,12.778,94,0.19533333333333333,0,0.0,229,108502747d4a4b220c3a98b40a73f5b10f83b11c5d29e6f08d8f55f6daa62335
food_pressure,greedy_food,8998822933635128902,7.813666666666666,76,0.16433333333333333,0,0.0,129,8ecf1bbeb8d7490c19fbb3b73a3b0e532747e9548a687d47fcfea4444bf60b91
food_pressure,greedy_food,7877913725436959869,28.2,119,0.29333333333333333,0,0.0,163,03e21ffed9e738c1ee9e7278d50715b840d671cdbbb75666e6ea3db314f0b11e
food_pressure,greedy_food,5034708075750202354,3.871,48,0.10166666666666667,0,0.0,91,dae9979fa7744a7f499cbb12ce8710a976b25c1e370b55cc91f776ab3ac77a75
food_pressure,greedy_food,786156824251810237,1.3506666666666667,37,0.06533333333333333,0,0.0,44,4f50164352d3f7cea865988ea95eec4a7f2a1005cd190144d8a9c9b9d05f6409
food_pressure,greedy_food,2274921209271322910,2.6443333333333334,56,0.10033333333333333,0,0.0,77,c2ad012260494129b50d9ed19c6a8f30a5cdcb2343991f74df1b9e4f10e89d2a
food_pressure,greedy_food,15264164083411812281,9.703333333333333,85,0.197,0,0.0,247,7b3004bf8955071cfbb90a4a700f0186373bb6b60dc55f03e787ba5e4fc30baa
food_pressure,greedy_food,16585956335181253984,6.868,87,0.159,0,0.0,59,e443324a6cc7c8717b90a89059e062e96c0439711b2ad00a7a625227ee90a454
food_pressure,greedy_food,10481940072710683365,5.6113333333333335,59,0.15,0,0.0,188,9bc745cc3f25a2f7396547a330b6e22b5c53bb8e1b149a22a385ea7b73b35230
food_pressure,greedy_food,17815581025328684310,9.465,85,0.16266666666666665,0,0.0,86,dca35f8f15d496864102557fbfd112861f731a03965df679ff31744529de8b7d
food_pressure,greedy_food,3277579945076463464,2.156,45,0.08166666666666667,0,0.0,14,4d76fef8e19039ebd8d923a1fb744865043228824e1115d3785cf9f43d2d9014
food_pressure,greedy_food,659299000482025000,0.22533333333333333,18,0.029,0,0.0,0,39b2dd263cccc8e2fbe4047ae8de07bc0783c58324f6f324b5218697847facc9
food_pressure,greedy_food,9215946228622177101,15.047333333333333,114,0.25633333333333336,0,0.0,239,193be7bd637d5557749816ba438ac69a2dcf9d7c20f2c0f756c734fb6669426a
food_pressure,greedy_food,5551184893446187821,6.129666666666667,68,0.147,0,0.0,138,63abb259943d421a142a816694be929ba905367276cb15cba17a08d1e6ce7502
food_pressure,greedy_food,15675219176053374575,23.715666666666667,143,0.296,0,0.0,178,12a17e4dd03ce97a7fbdf6e2f89fa33d6b45e0b2f2067a0cd7e245ebeeceeaae
food_pressure,greedy_food,7667143633049166717,3.7466666666666666,72,0.10966666666666666,0,0.0,22,7b6dd59cf83b473ba73ac0f3b9ca431409c3a84a50c4799c4cba8cedcec3e9d6
food_pressure,greedy_food,13101762862354973690,3.4726666666666666,64,0.10933333333333334,0,0.0,130,fa4b7ce3bda444e92b962707e22c86b16a9b546c97b572e045fc9ce298f31528
food_pressure,greedy_food,10249784966359477637,1.3883333333333334,38,0.06333333333333334,0,0.0,45,6fb8165af38212a9c457a4ae01ad8398f080066dd4a71bfe3f62b2f39a1fba2b
food_pressure,greedy_food,7165479381385786982,4.319333333333334,51,0.113,0,0.0,87,7eb5ef80edf6bb121f76102bf3d8077c9aba31874c5527e0c50c007f1212eb91
food_pressure,greedy_food,18422725904578179737,4.434,69,0.12433333333333334,0,0.0,45,c64fa82482ada7810bc611e8bb094c31ab32a10fd28193c1991863f3931066a6
food_pressure,random_safe,16192517873885417067,1.2366666666666666,19,0.17466666666666666,0,0.0,5,678135abe3fdac829afc606b4e84dfded72065d91c02bc24807079bfe86e9247
food_pressure,random_safe,10920110222769794835,2.6743333333333332,13,0.35633333333333334,0,0.0,556,7200c303bd9e1082ddc5b6356bbdcf074cea0430b655217154b4230800e287f7
food_pressure,random_safe,12716181714695619655,1.4636666666666667,8,0.26766666666666666,0,0.0,234,5a35109d24ed2aca138e8dd4ecc1461279c920ba30e18ed486620391840f8803
food_pressure,random_safe,1935162690410127757,1.35,13,0.21733333333333332,0,0.0,65,1970f4bc554bdd2dfa8867e6efd2aa329f5409fa406650016248e3c417513690
food_pressure,random_safe,3791818657801496014,1.7323333333333333,18,0.17566666666666667,0,0.0,263,9525c54fab4cfc6577499ffa429f64c26b141b6425fd0c2244a2f895592e3dbe
food_pressure,random_safe,5113956037769663468,0.39666666666666667,5,0.121,0,0.0,133,91a9d8bfc33e9fd5d59afd35a9c662db79053683faafcf542c1abbb606faf053
food_pressure,random_safe,8449105908865752387,1.039,6,0.32366666666666666,0,0.0,687,1556d8f942dc9ac049ec39c5a5e3ada6114c3618ccfe8bc5add35d31ee55aaeb
food_pressure,random_safe,11326830019122418384,0.9186666666666666,15,0.14866666666666667,0,0.0,35,7557ea0a65682e0142076efa0dfc45583882f6480e9fdb108006d8fa9993f5c0
food_pressure,random_safe,8487567884664011888,1.6463333333333334,17,0.17866666666666667,0,0.0,46,54d7d3d841f488f701b259338d8a552ce5777396e9302c75b6612efa448ebcd6
food_pressure,random_safe,3244070577842118511,0.385,3,0.116,0,0.0,191,49580d615c77312d234838c4debdafcb151dd789a7183553c0b3f4d9620d1917
food_pressure,random_safe,17930486455161109425,2.6826666666666665,18,0.355,0,0.0,213,da6c5596ab4a26ceadc0a54928ce831fa3dced2ece08a88f0417c57224ca2298
food_pressure,random_safe,4635222724935381574,0.5653333333333334,3,0.15633333333333332,0,0.0,175,75195c01b66736a78de8e921751c80a88bd0fa41c5d0c61f6af7b49a3ee700d8
food_pressure,random_safe,13107574195066950903,2.602333333333333,13,0.257,0,0.0,176,108502747d4a4b220c3a98b40a73f5b10f83b11c5d29e6f08d8f55f6daa62335
food_pressure,random_safe,8998822933635128902,1.2283333333333333,10,0.17866666666666667,0,0.0,82,8ecf1bbeb8d7490c19fbb3b73a3b0e532747e9548a687d47fcfea4444bf60b91
food_pressure,random_safe,7877913725436959869,0.844,11,0.24333333333333335,0,0.0,238,03e21ffed9e738c1ee9e7278d50715b840d671cdbbb75666e6ea3db314f0b11e
food_pressure,random_safe,5034708075750202354,0.14766666666666667,2,0.057,0,0.0,21,dae9979fa7744a7f499cbb12ce8710a976b25c1e370b55cc91f776ab3ac77a75
food_pressure,random_safe,786156824251810237,0.9653333333333334,10,0.15566666666666668,0,0.0,66,4f50164352d3f7cea865988ea95eec4a7f2a1005cd190144d8a9c9b9d05f6409
food_pressure,random_safe,2274921209271322910,1.4013333333333333,8,0.297,0,0.0,134,c2ad012260494129b50d9ed19c6a8f30a5cdcb2343991f74df1b9e4f10e89d2a
food_pressure,random_safe,15264164083411812281,1.4163333333333334,10,0.20466666666666666,0,0.0,203,7b3004bf8955071cfbb90a4a700f0186373bb6b60dc55f03e787ba5e4fc30baa
food_pressure,random_safe,16585956335181253984,1.636,12,0.179,0,0.0,218,e443324a6cc7c8717b90a89059e062e96c0439711b2ad00a7a625227ee90a454
food_pressure,random_safe,10481940072710683365,1.3923333333333334,15,0.21333333333333335,0,0.0,292,9bc745cc3f25a2f7396547a330b6e22b5c53bb8e1b149a22a385ea7b73b35230
food_pressure,random_safe,17815581025328684310,0.8706666666666667,10,0.11566666666666667,0,0.0,63,dca35f8f15d496864102557fbfd112861f731a03965df679ff31744529de8b7d
food_pressure,random_safe,3277579945076463464,1.338,8,0.19933333333333333,0,0.0,305,4d76fef8e19039ebd8d923a1fb744865043228824e1115d3785cf9f43d2d9014
food_pressure,random_safe,659299000482025000,1.067,8,0.22366666666666668,0,0.0,21,39b2dd263cccc8e2fbe4047ae8de07bc0783c58324f6f324b5218697847facc9
food_pressure,random_safe,9215946228622177101,1.1373333333333333,9,0.31533333333333335,0,0.0,466,193be7bd637d5557749816ba438ac69a2dcf9d7c20f2c0f756c734fb6669426a
food_pressure,random_safe,5551184893446187821,0.7473333333333333,3,0.075,0,0.0,33,63abb259943d421a142a816694be929ba905367276cb15cba17a08d1e6ce7502
food_pressure,random_safe,15675219176053374575,1.397,13,0.225,0,0.0,140,12a17e4dd03ce97a7fbdf6e2f89fa33d6b45e0b2f2067a0cd7e245ebeeceeaae
food_pressure,random_safe,7667143633049166717,0.919,8,0.151,0,0.0,248,7b6dd59cf83b473ba73ac0f3b9ca431409c3a84a50c4799c4cba8cedcec3e9d6
food_pressure,random_safe,13101762862354973690,1.4143333333333334,11,0.201,0,0.0,244,fa4b7ce3bda444e92b962707e22c86b16a9b546c97b572e045fc9ce298f31528
food_pressure,random_safe,10249784966359477637,1.1743333333333332,18,0.165,0,0.0,237,6fb8165af38212a9c457a4ae01ad8398f080066dd4a71bfe3f62b2f39a1fba2b
food_pressure,random_safe,7165479381385786982,2.256,16,0.20733333333333334,0,0.0,180,7eb5ef80edf6bb121f76102bf3d8077c9aba31874c5527e0c50c007f1212eb91
food_pressure,random_safe,18422725904578179737,0.799,8,0.17966666666666667,0,0.0,143,c64fa82482ada7810bc611e8bb094c31ab32a10fd28193c1991863f3931066a6
mixed,parent,14562651175678100061,50.24033333333333,373,0.5763333333333334,0,0.25233333333333335,324,66f1e118388f7ac05ac21a0957442b07c57d13a8ba0eab7a4ab952f5c05e7204
mixed,parent,12406178844933590181,37.73533333333334,322,0.572,0,0.22333333333333333,489,3c2ddecd55e75ced06e3802fd3aed0431b2cc62287068e4bccf9773f72bb7c19
mixed,parent,9548350865846365723,119.69233333333334,579,1.0,1,0.48333333333333334,546,fda9f141184d53a488c1f68f6aa775226c4d2b9790a6ae7dd20df2e401397bec
mixed,parent,1974410406836295671,1.6313333333333333,60,0.09966666666666667,0,0.03966666666666667,131,78dd6abb26a205708c95fc4df1ae7c32be87316517fd2bed05daa500ad59e067
mixed,parent,7030610132412165171,49.11966666666667,379,0.6013333333333334,0,0.2653333333333333,411,f17a465b540ccb42544c207e39bd8242e77db17d0f4ad5774cc0171862c8ee78
mixed,parent,7772440484760559137,81.63,453,0.789,0,0.375,360,00ead870a28e87021bac377ac0356cff505555646d2abed50572b2101c4652c8
mixed,parent,8080331926505571154,66.07633333333334,437,0.6716666666666666,0,0.33666666666666667,367,2b99da6be2ee24b8d26f28790928ddd0acb5ef9656aea341a0f40154434e7328
mixed,parent,9262212618720037556,49.975,329,0.539,0,0.2663333333333333,280,d617746d8e9f1475e06b71fa4b2f0dd439e07ac1202c2dcc7fdda413c22d3421
mixed,parent,16200939255148765530,120.32966666666667,546,1.0,1,0.49266666666666664,573,ad7ff96648cfae4463a7808b0d5062b29107f4c6dc7073425804956abba7843d
mixed,parent,16405999982674262516,3.888333333333333,83,0.15333333333333332,0,0.06233333333333333,153,0ee8151f464684b9d7be5b641791b422b61c3f9757bc90d0c937da65811f9631
mixed,parent,6835094256156589366,42.845666666666666,332,0.572,0,0.25633333333333336,366,6aa9e587363447106a402ab2ebd973aedd43c9983a9c02d74b8a51096d3c2bf6
mixed,parent,18366786118702078514,127.04033333333334,600,1.0,1,0.5116666666666667,462,dc56d034706893841b3213298383add2a0e0c569f009e6c1776c0262481db682
mixed,parent,16506604647445547569,48.24466666666667,277,0.5033333333333333,0,0.22466666666666665,375,6f13315f366a50efd22b96d1bc22571e43df7b0bf7ab4310f1420b6b9adf40cb
mixed,parent,5092940943337578524,105.799,597,0.9556666666666667,0,0.4806666666666667,439,b3fd6ad704b87dfc82375f50d6711afeae21927cef443432a14d85be28149601
mixed,parent,12236840169575807470,95.307,483,0.8366666666666667,0,0.4206666666666667,568,eb6cbdfdc6f29649e1807c4efabdf9027e59d2dc8b6c8f4b4dd1693898d38781
mixed,parent,5083519204779285779,42.83533333333333,322,0.5213333333333333,0,0.23066666666666666,265,22d70249332635bebfc8906746265fd103a5e0bffe2d25386e2931aeb64424da
mixed,parent,14716404927243984435,37.20733333333333,278,0.4633333333333333,0,0.19266666666666668,306,d41beb0e879dd3656e370125f70336c9ba352580e622d68c1520792ac0cf5a06
mixed,parent,17444051516228656710,52.852666666666664,392,0.6806666666666666,0,0.302,417,1ce74b12f9095172b62305b7fa18eb0e2b0361d79090b98577b3893b9888ecbb
mixed,parent,13482413975485317251,76.251,437,0.727,0,0.3303333333333333,283,cdd5091e3ecc97102a90ac06a0c4172ee2208e083c1703bef508496de9266d30
mixed,parent,6313104116217818699,84.465,493,0.8356666666666667,0,0.413,533,da96fa6da824d27fc8771feec19fb95b233af8fe610a6ae8646c369ee8bff71e
mixed,parent,6023414973663021434,35.141,308,0.517,0,0.22866666666666666,388,fdd8faf51cacab81db43ef4fcd8672445e62a3c9b046beee4ae6a424f5740088
mixed,parent,11745720121151295605,72.952,453,0.7153333333333334,0,0.3476666666666667,420,f13000038ab2d14b4eff1b7e72f6c39681eba6564c2924719feb6208ded2c8bc
mixed,parent,10084855797817045400,18.291333333333334,210,0.3433333333333333,0,0.158,273,e48ceabd769757a9e0df759d8a61bd129734c68d3c57ceb205f4eecd801064f2
mixed,parent,17119126874216808175,72.34533333333333,407,0.7016666666666667,0,0.31333333333333335,555,00e8b7230b7abf845cd71342156709323941f770e59e02bb5f79bc6fea61d79f
mixed,parent,6653566638572307207,19.345,190,0.33666666666666667,0,0.12966666666666668,225,202399d2c3d3f86c2af2522cd1e07ea3a277faf65bfbd95add2d152f780e1a0e
mixed,parent,18164987170752360538,44.132666666666665,312,0.5203333333333333,0,0.24333333333333335,480,05749214f2b3d1bf8c77325021e5840861f387e1a8921a23bdf6d72e8ae7f9ff
mixed,parent,1590852979915278712,23.922,243,0.4096666666666667,0,0.20166666666666666,202,dc2dd8c220dbd98b7070e2129fceacf49697702d1bcd06b60303c1c0b54ec8a2
mixed,parent,17546497260430070853,58.14933333333333,375,0.6376666666666667,0,0.31833333333333336,447,cea7f04f75423393652bb1b0811fb262540950d85cd7dc6788ad1ddaefaefd04
mixed,parent,16259956816342014875,124.23766666666667,594,1.0,1,0.472,736,307745bb3ec4addcdee1d359b68cd5a626b59d7e3691d424fa9713e322884361
mixed,parent,3576283815071817049,22.563666666666666,230,0.387,0,0.176,194,516095632df6e4a8c8fd7e966c1ec1233145da5d40d82cddb1da04dc62822148
mixed,parent,6699619844396011259,39.202666666666666,266,0.4886666666666667,0,0.221,286,88f4dd93d5b7ae9ae8d29a90e1e1ae57282273a27d5f86520491f2b72862ce34
mixed,parent,609512821052192061,33.69733333333333,270,0.44166666666666665,0,0.22333333333333333,223,cf3e2af6f24ab40bda109dd23c3babfbc9a1314c35e7f481ebe9d602fe72c9e3
mixed,candidate,14562651175678100061,68.45766666666667,743,1.0,1,0.6976666666666667,612,66f1e118388f7ac05ac21a0957442b07c57d13a8ba0eab7a4ab952f5c05e7204
mixed,candidate,12406178844933590181,61.394333333333336,767,1.0,1,0.6936666666666667,663,3c2ddecd55e75ced06e3802fd3aed0431b2cc62287068e4bccf9773f72bb7c19
mixed,candidate,9548350865846365723,50.212666666666664,588,0.8166666666666667,0,0.536,579,fda9f141184d53a488c1f68f6aa775226c4d2b9790a6ae7dd20df2e401397bec
mixed,candidate,1974410406836295671,66.35533333333333,701,1.0,1,0.6416666666666667,946,78dd6abb26a205708c95fc4df1ae7c32be87316517fd2bed05daa500ad59e067
mixed,candidate,7030610132412165171,62.75233333333333,748,1.0,1,0.6793333333333333,404,f17a465b540ccb42544c207e39bd8242e77db17d0f4ad5774cc0171862c8ee78
mixed,candidate,7772440484760559137,69.91933333333333,737,1.0,1,0.6886666666666666,451,00ead870a28e87021bac377ac0356cff505555646d2abed50572b2101c4652c8
mixed,candidate,8080331926505571154,63.74333333333333,732,1.0,1,0.6846666666666666,686,2b99da6be2ee24b8d26f28790928ddd0acb5ef9656aea341a0f40154434e7328
mixed,candidate,9262212618720037556,63.708666666666666,671,0.871,0,0.5983333333333334,494,d617746d8e9f1475e06b71fa4b2f0dd439e07ac1202c2dcc7fdda413c22d3421
mixed,candidate,16200939255148765530,53.424,581,0.7493333333333333,0,0.5256666666666666,443,ad7ff96648cfae4463a7808b0d5062b29107f4c6dc7073425804956abba7843d
mixed,candidate,16405999982674262516,10.98,248,0.29433333333333334,0,0.198,105,0ee8151f464684b9d7be5b641791b422b61c3f9757bc90d0c937da65811f9631
mixed,candidate,6835094256156589366,37.19766666666667,550,0.731,0,0.496,393,6aa9e587363447106a402ab2ebd973aedd43c9983a9c02d74b8a51096d3c2bf6
mixed,candidate,18366786118702078514,40.964333333333336,744,1.0,1,0.7,577,dc56d034706893841b3213298383add2a0e0c569f009e6c1776c0262481db682
mixed,candidate,16506604647445547569,55.16466666666667,616,0.867,0,0.5723333333333334,429,6f13315f366a50efd22b96d1bc22571e43df7b0bf7ab4310f1420b6b9adf40cb
mixed,candidate,5092940943337578524,52.985,693,0.9363333333333334,0,0.633,381,b3fd6ad704b87dfc82375f50d6711afeae21927cef443432a14d85be28149601
mixed,candidate,12236840169575807470,46.777,610,0.7953333333333333,0,0.5366666666666666,415,eb6cbdfdc6f29649e1807c4efabdf9027e59d2dc8b6c8f4b4dd1693898d38781
mixed,candidate,5083519204779285779,56.660333333333334,761,1.0,1,0.6833333333333333,403,22d70249332635bebfc8906746265fd103a5e0bffe2d25386e2931aeb64424da
mixed,candidate,14716404927243984435,52.828,735,1.0,1,0.6646666666666666,616,d41beb0e879dd3656e370125f70336c9ba352580e622d68c1520792ac0cf5a06
mixed,candidate,17444051516228656710,31.896,483,0.6533333333333333,0,0.43066666666666664,322,1ce74b12f9095172b62305b7fa18eb0e2b0361d79090b98577b3893b9888ecbb
mixed,candidate,13482413975485317251,50.24366666666667,661,0.8586666666666667,0,0.5933333333333334,489,cdd5091e3ecc97102a90ac06a0c4172ee2208e083c1703bef508496de9266d30
mixed,candidate,6313104116217818699,74.11866666666667,756,1.0,1,0.6876666666666666,562,da96fa6da824d27fc8771feec19fb95b233af8fe610a6ae8646c369ee8bff71e
mixed,candidate,6023414973663021434,61.852333333333334,762,1.0,1,0.6893333333333334,485,fdd8faf51cacab81db43ef4fcd8672445e62a3c9b046beee4ae6a424f5740088
mixed,candidate,11745720121151295605,55.37733333333333,671,0.8893333333333333,0,0.613,351,f13000038ab2d14b4eff1b7e72f6c39681eba6564c2924719feb6208ded2c8bc
mixed,candidate,10084855797817045400,63.831,733,1.0,1,0.6783333333333333,401,e48ceabd769757a9e0df759d8a61bd129734c68d3c57ceb205f4eecd801064f2
mixed,candidate,17119126874216808175,51.190333333333335,717,1.0,1,0.6746666666666666,536,00e8b7230b7abf845cd71342156709323941f770e59e02bb5f79bc6fea61d79f
mixed,candidate,6653566638572307207,0.9426666666666667,75,0.115,0,0.07533333333333334,79,202399d2c3d3f86c2af2522cd1e07ea3a277faf65bfbd95add2d152f780e1a0e
mixed,candidate,18164987170752360538,73.013,740,1.0,1,0.6783333333333333,385,05749214f2b3d1bf8c77325021e5840861f387e1a8921a23bdf6d72e8ae7f9ff
mixed,candidate,1590852979915278712,61.595333333333336,704,1.0,1,0.6856666666666666,673,dc2dd8c220dbd98b7070e2129fceacf49697702d1bcd06b60303c1c0b54ec8a2
mixed,candidate,17546497260430070853,55.283,689,1.0,1,0.6523333333333333,733,cea7f04f75423393652bb1b0811fb262540950d85cd7dc6788ad1ddaefaefd04
mixed,candidate,16259956816342014875,27.246,425,0.5856666666666667,0,0.387,460,307745bb3ec4addcdee1d359b68cd5a626b59d7e3691d424fa9713e322884361
mixed,candidate,3576283815071817049,63.854,745,1.0,1,0.692,998,516095632df6e4a8c8fd7e966c1ec1233145da5d40d82cddb1da04dc62822148
mixed,candidate,6699619844396011259,20.38233333333333,377,0.47333333333333333,0,0.317,220,88f4dd93d5b7ae9ae8d29a90e1e1ae57282273a27d5f86520491f2b72862ce34
mixed,candidate,609512821052192061,19.239,367,0.494,0,0.333,382,cf3e2af6f24ab40bda109dd23c3babfbc9a1314c35e7f481ebe9d602fe72c9e3
mixed,greedy_food,14562651175678100061,4.51,57,0.13033333333333333,0,0.0,91,66f1e118388f7ac05ac21a0957442b07c57d13a8ba0eab7a4ab952f5c05e7204
mixed,greedy_food,12406178844933590181,3.2123333333333335,56,0.109,0,0.0,278,3c2ddecd55e75ced06e3802fd3aed0431b2cc62287068e4bccf9773f72bb7c19
mixed,greedy_food,9548350865846365723,1.949,47,0.078,0,0.0,1,fda9f141184d53a488c1f68f6aa775226c4d2b9790a6ae7dd20df2e401397bec
mixed,greedy_food,1974410406836295671,0.613,24,0.04633333333333333,0,0.0,15,78dd6abb26a205708c95fc4df1ae7c32be87316517fd2bed05daa500ad59e067
mixed,greedy_food,7030610132412165171,2.9543333333333335,55,0.11033333333333334,0,0.0,163,f17a465b540ccb42544c207e39bd8242e77db17d0f4ad5774cc0171862c8ee78
mixed,greedy_food,7772440484760559137,1.729,40,0.076,0,0.0,65,00ead870a28e87021bac377ac0356cff505555646d2abed50572b2101c4652c8
mixed,greedy_food,8080331926505571154,1.5896666666666666,39,0.073,0,0.0,89,2b99da6be2ee24b8d26f28790928ddd0acb5ef9656aea341a0f40154434e7328
mixed,greedy_food,9262212618720037556,1.68,32,0.078,0,0.0,132,d617746d8e9f1475e06b71fa4b2f0dd439e07ac1202c2dcc7fdda413c22d3421
mixed,greedy_food,16200939255148765530,5.221666666666667,73,0.13633333333333333,0,0.0,76,ad7ff96648cfae4463a7808b0d5062b29107f4c6dc7073425804956abba7843d
mixed,greedy_food,16405999982674262516,20.27,143,0.24166666666666667,0,0.0,67,0ee8151f464684b9d7be5b641791b422b61c3f9757bc90d0c937da65811f9631
mixed,greedy_food,6835094256156589366,39.74366666666667,210,0.35533333333333333,0,0.0,182,6aa9e587363447106a402ab2ebd973aedd43c9983a9c02d74b8a51096d3c2bf6
mixed,greedy_food,18366786118702078514,31.672666666666668,188,0.33266666666666667,0,0.0,197,dc56d034706893841b3213298383add2a0e0c569f009e6c1776c0262481db682
mixed,greedy_food,16506604647445547569,64.16066666666667,244,0.42333333333333334,0,0.0,208,6f13315f366a50efd22b96d1bc22571e43df7b0bf7ab4310f1420b6b9adf40cb
mixed,greedy_food,5092940943337578524,25.368,174,0.314,0,0.0,149,b3fd6ad704b87dfc82375f50d6711afeae21927cef443432a14d85be28149601
mixed,greedy_food,12236840169575807470,6.726,80,0.16333333333333333,0,0.0,28,eb6cbdfdc6f29649e1807c4efabdf9027e59d2dc8b6c8f4b4dd1693898d38781
mixed,greedy_food,5083519204779285779,44.375,235,0.375,0,0.0,245,22d70249332635bebfc8906746265fd103a5e0bffe2d25386e2931aeb64424da
mixed,greedy_food,14716404927243984435,18.606666666666666,160,0.24266666666666667,0,0.0,102,d41beb0e879dd3656e370125f70336c9ba352580e622d68c1520792ac0cf5a06
mixed,greedy_food,17444051516228656710,19.462,130,0.265,0,0.0,78,1ce74b12f9095172b62305b7fa18eb0e2b0361d79090b98577b3893b9888ecbb
mixed,greedy_food,13482413975485317251,4.228,66,0.12166666666666667,0,0.0,0,cdd5091e3ecc97102a90ac06a0c4172ee2208e083c1703bef508496de9266d30
mixed,greedy_food,6313104116217818699,52.736666666666665,186,0.4186666666666667,0,0.0,428,da96fa6da824d27fc8771feec19fb95b233af8fe610a6ae8646c369ee8bff71e
mixed,greedy_food,6023414973663021434,5.8613333333333335,81,0.136,0,0.0,28,fdd8faf51cacab81db43ef4fcd8672445e62a3c9b046beee4ae6a424f5740088
mixed,greedy_food,11745720121151295605,0.37633333333333335,17,0.035333333333333335,0,0.0,32,f13000038ab2d14b4eff1b7e72f6c39681eba6564c2924719feb6208ded2c8bc
mixed,greedy_food,10084855797817045400,23.679,122,0.31666666666666665,0,0.0,72,e48ceabd769757a9e0df759d8a61bd129734c68d3c57ceb205f4eecd801064f2
mixed,greedy_food,17119126874216808175,20.506,143,0.2843333333333333,0,0.0,153,00e8b7230b7abf845cd71342156709323941f770e59e02bb5f79bc6fea61d79f
mixed,greedy_food,6653566638572307207,12.258,114,0.222,0,0.0,173,202399d2c3d3f86c2af2522cd1e07ea3a277faf65bfbd95add2d152f780e1a0e
mixed,greedy_food,18164987170752360538,17.591666666666665,124,0.2723333333333333,0,0.0,59,05749214f2b3d1bf8c77325021e5840861f387e1a8921a23bdf6d72e8ae7f9ff
mixed,greedy_food,1590852979915278712,7.465,84,0.17066666666666666,0,0.0,100,dc2dd8c220dbd98b7070e2129fceacf49697702d1bcd06b60303c1c0b54ec8a2
mixed,greedy_food,17546497260430070853,10.935666666666666,108,0.19533333333333333,0,0.0,189,cea7f04f75423393652bb1b0811fb262540950d85cd7dc6788ad1ddaefaefd04
mixed,greedy_food,16259956816342014875,20.865666666666666,149,0.25533333333333336,0,0.0,240,307745bb3ec4addcdee1d359b68cd5a626b59d7e3691d424fa9713e322884361
mixed,greedy_food,3576283815071817049,8.259666666666666,94,0.17866666666666667,0,0.0,0,516095632df6e4a8c8fd7e966c1ec1233145da5d40d82cddb1da04dc62822148
mixed,greedy_food,6699619844396011259,27.787333333333333,183,0.294,0,0.0,186,88f4dd93d5b7ae9ae8d29a90e1e1ae57282273a27d5f86520491f2b72862ce34
mixed,greedy_food,609512821052192061,38.18266666666667,186,0.3486666666666667,0,0.0,250,cf3e2af6f24ab40bda109dd23c3babfbc9a1314c35e7f481ebe9d602fe72c9e3
mixed,random_safe,14562651175678100061,0.802,13,0.10833333333333334,0,0.0,0,66f1e118388f7ac05ac21a0957442b07c57d13a8ba0eab7a4ab952f5c05e7204
mixed,random_safe,12406178844933590181,0.688,10,0.137,0,0.0,130,3c2ddecd55e75ced06e3802fd3aed0431b2cc62287068e4bccf9773f72bb7c19
mixed,random_safe,9548350865846365723,1.6426666666666667,18,0.278,0,0.0,151,fda9f141184d53a488c1f68f6aa775226c4d2b9790a6ae7dd20df2e401397bec
mixed,random_safe,1974410406836295671,1.631,6,0.31866666666666665,0,0.0,169,78dd6abb26a205708c95fc4df1ae7c32be87316517fd2bed05daa500ad59e067
mixed,random_safe,7030610132412165171,1.6233333333333333,11,0.24033333333333334,0,0.0,58,f17a465b540ccb42544c207e39bd8242e77db17d0f4ad5774cc0171862c8ee78
mixed,random_safe,7772440484760559137,3.53,14,0.511,0,0.0,394,00ead870a28e87021bac377ac0356cff505555646d2abed50572b2101c4652c8
mixed,random_safe,8080331926505571154,0.6336666666666667,13,0.13966666666666666,0,0.0,41,2b99da6be2ee24b8d26f28790928ddd0acb5ef9656aea341a0f40154434e7328
mixed,random_safe,9262212618720037556,3.1146666666666665,24,0.2783333333333333,0,0.0,113,d617746d8e9f1475e06b71fa4b2f0dd439e07ac1202c2dcc7fdda413c22d3421
mixed,random_safe,16200939255148765530,1.253,13,0.193,0,0.0,31,ad7ff96648cfae4463a7808b0d5062b29107f4c6dc7073425804956abba7843d
mixed,random_safe,16405999982674262516,0.602,9,0.09666666666666666,0,0.0,0,0ee8151f464684b9d7be5b641791b422b61c3f9757bc90d0c937da65811f9631
mixed,random_safe,6835094256156589366,1.029,5,0.185,0,0.0,222,6aa9e587363447106a402ab2ebd973aedd43c9983a9c02d74b8a51096d3c2bf6
mixed,random_safe,18366786118702078514,2.597,15,0.38566666666666666,0,0.0,235,dc56d034706893841b3213298383add2a0e0c569f009e6c1776c0262481db682
mixed,random_safe,16506604647445547569,0.989,11,0.16633333333333333,0,0.0,98,6f13315f366a50efd22b96d1bc22571e43df7b0bf7ab4310f1420b6b9adf40cb
mixed,random_safe,5092940943337578524,0.37266666666666665,8,0.08733333333333333,0,0.0,0,b3fd6ad704b87dfc82375f50d6711afeae21927cef443432a14d85be28149601
mixed,random_safe,12236840169575807470,0.812,10,0.15366666666666667,0,0.0,60,eb6cbdfdc6f29649e1807c4efabdf9027e59d2dc8b6c8f4b4dd1693898d38781
mixed,random_safe,5083519204779285779,0.782,6,0.184,0,0.0,220,22d70249332635bebfc8906746265fd103a5e0bffe2d25386e2931aeb64424da
mixed,random_safe,14716404927243984435,1.7196666666666667,16,0.197,0,0.0,257,d41beb0e879dd3656e370125f70336c9ba352580e622d68c1520792ac0cf5a06
mixed,random_safe,17444051516228656710,0.18466666666666667,1,0.118,0,0.0,219,1ce74b12f9095172b62305b7fa18eb0e2b0361d79090b98577b3893b9888ecbb
mixed,random_safe,13482413975485317251,1.6813333333333333,8,0.2853333333333333,0,0.0,224,cdd5091e3ecc97102a90ac06a0c4172ee2208e083c1703bef508496de9266d30
mixed,random_safe,6313104116217818699,0.6273333333333333,10,0.10866666666666666,0,0.0,0,da96fa6da824d27fc8771feec19fb95b233af8fe610a6ae8646c369ee8bff71e
mixed,random_safe,6023414973663021434,1.0646666666666667,2,0.161,0,0.0,75,fdd8faf51cacab81db43ef4fcd8672445e62a3c9b046beee4ae6a424f5740088
mixed,random_safe,11745720121151295605,1.8946666666666667,17,0.318,0,0.0,81,f13000038ab2d14b4eff1b7e72f6c39681eba6564c2924719feb6208ded2c8bc
mixed,random_safe,10084855797817045400,0.058333333333333334,1,0.03266666666666666,0,0.0,27,e48ceabd769757a9e0df759d8a61bd129734c68d3c57ceb205f4eecd801064f2
mixed,random_safe,17119126874216808175,1.0223333333333333,14,0.12633333333333333,0,0.0,120,00e8b7230b7abf845cd71342156709323941f770e59e02bb5f79bc6fea61d79f
mixed,random_safe,6653566638572307207,1.9516666666666667,8,0.29833333333333334,0,0.0,434,202399d2c3d3f86c2af2522cd1e07ea3a277faf65bfbd95add2d152f780e1a0e
mixed,random_safe,18164987170752360538,3.0416666666666665,20,0.36633333333333334,0,0.0,41,05749214f2b3d1bf8c77325021e5840861f387e1a8921a23bdf6d72e8ae7f9ff
mixed,random_safe,1590852979915278712,1.301,13,0.21433333333333332,0,0.0,270,dc2dd8c220dbd98b7070e2129fceacf49697702d1bcd06b60303c1c0b54ec8a2
mixed,random_safe,17546497260430070853,0.018333333333333333,2,0.008,0,0.0,9,cea7f04f75423393652bb1b0811fb262540950d85cd7dc6788ad1ddaefaefd04
mixed,random_safe,16259956816342014875,1.114,13,0.11366666666666667,0,0.0,278,307745bb3ec4addcdee1d359b68cd5a626b59d7e3691d424fa9713e322884361
mixed,random_safe,3576283815071817049,1.2926666666666666,16,0.16466666666666666,0,0.0,82,516095632df6e4a8c8fd7e966c1ec1233145da5d40d82cddb1da04dc62822148
mixed,random_safe,6699619844396011259,0.9483333333333334,8,0.20366666666666666,0,0.0,343,88f4dd93d5b7ae9ae8d29a90e1e1ae57282273a27d5f86520491f2b72862ce34
mixed,random_safe,609512821052192061,0.4693333333333333,8,0.084,0,0.0,0,cf3e2af6f24ab40bda109dd23c3babfbc9a1314c35e7f481ebe9d602fe72c9e3
