profile,policy,worlds,mass_integral,ambient_food,survival_fraction,endpoint,boost_fraction,encounter_frames,checkpoint_sha256
solo,parent,32,78.75025,470.90625,0.806125,0.25,0.362125,0,8d67915ef1ea5dbb0804ffd8bf9874dedb27c95878bacdd5b5e5ae77682aa46f
solo,candidate,32,43.5984375,660.125,0.9463229166666667,0.8125,0.6457291666666667,0,dc1fe4c31174e4ca5da63239d596a0017cd8247c5b3a72c8a2044de3e92d5ef8
solo,greedy_food,32,18.782333333333334,122,0.239,0,0.0,0,
solo,random_safe,32,1.6695104166666666,12.0625,0.25113541666666667,0,0.0,0,
food_pressure,parent,32,52.95214583333333,338.09375,0.56484375,0,0.26959375,413.25,8d67915ef1ea5dbb0804ffd8bf9874dedb27c95878bacdd5b5e5ae77682aa46f
food_pressure,candidate,32,47.8853125,610.25,0.8213854166666666,0.46875,0.5549375,616.9375,dc1fe4c31174e4ca5da63239d596a0017cd8247c5b3a72c8a2044de3e92d5ef8
food_pressure,greedy_food,32,9.187364583333332,76.59375,0.15857291666666667,0,0.0,129.34375,
food_pressure,random_safe,32,1.2763854166666666,10.65625,0.20108333333333334,0,0.0,191.03125,
mixed,parent,32,58.03582291666667,363.4375,0.61240625,0.125,0.2872708333333333,377.40625,8d67915ef1ea5dbb0804ffd8bf9874dedb27c95878bacdd5b5e5ae77682aa46f
mixed,candidate,32,50.73716666666667,629.0625,0.8478229166666666,0.53125,0.5755416666666666,489.78125,dc1fe4c31174e4ca5da63239d596a0017cd8247c5b3a72c8a2044de3e92d5ef8
mixed,greedy_food,32,17.018020833333335,113.875,0.2125,0,0.0,127.375,
mixed,random_safe,32,1.265375,10.71875,0.19571875,0,0.0,136.9375,
