profile,world_seed,mass_integral,ambient_food,survival_fraction,endpoint,boost_fraction,encounter_frames,initial_sha256
solo,4025460523556532161,-37.60366666666666,-255.0,0.42300000000000004,1.0,0.7286666666666667,0.0,01542b8b5f2c3f6e21467cee332ce7b45b959024771766f9050e8fb4ef910af8
solo,6132438967430754973,20.831000000000003,408.0,0.4703333333333334,1.0,0.45233333333333337,0.0,4891076917cda8741a5eb54c5ef4dd7c3ab8c02698ca51f30e618e6f8bfe1d24
solo,4226836010550681307,22.33333333333333,465.0,0.5776666666666667,1.0,0.4833333333333333,0.0,febfffa218e797873b0a959281be25868eb083346ccb5c9cb618a18af916bb52
solo,3049464744303959174,-57.903999999999996,151.0,0.0,0.0,0.20899999999999996,0.0,446b49d039f235db8d5fb9650e2f49d84b4ffcb5e3d8f3c013025a1a641d444b
solo,10229998584207992640,-32.98133333333333,203.0,0.1313333333333333,1.0,0.27966666666666673,0.0,6ae03b0b8f4f87bc83bb7cb0558c258ffc49d78cf65c3aab83a337f014cebea5
solo,15993818440005260082,-49.16866666666667,125.0,0.0,0.0,0.21700000000000003,0.0,b7a1263b91536f14ec09509f10a8183088910211f1484e70869283c4814b0dc8
solo,10865659472933064718,-8.506666666666668,328.0,0.345,1.0,0.399,0.0,ba20f7c2edfef13e4da69bc1fadd22abef3e86006b7e11c272e13578e6b43a78
solo,11993978686097320347,-10.266333333333328,268.0,0.22066666666666668,1.0,0.3126666666666667,0.0,5c88e851ff59d182e8d6fa0b7749d5fe7f9259e1a18f337a7b707ec809cfdfdf
solo,4042466536507980771,-54.37433333333334,204.0,0.10066666666666668,1.0,0.26566666666666666,0.0,4a31d11dc2d223249fb4c113e182cc17643eec9556f8147a7778c5dec623b08f
solo,16888614152733283137,-57.043666666666674,205.0,0.03866666666666663,1.0,0.23200000000000004,0.0,6512747392f73917af72ddc5bc2ab41dd21e0b58120b10de404393e3119fe0a8
solo,13619817126518124828,-3.7213333333333267,313.0,0.32233333333333336,1.0,0.37799999999999995,0.0,33b16bb7c9dc4e8faa4be24e40b2618039598b2f92445e2fb887defe45d5cab5
solo,13244348232777345191,-50.37466666666667,-125.0,-0.3296666666666666,0.0,-0.019333333333333313,0.0,8dec87d3b34ae1c92a6adb5ac99bb4f5e0af7382ed63ca5fe6c883e44714115f
solo,4235317471200773436,-6.475666666666662,312.0,0.31466666666666665,1.0,0.37733333333333335,0.0,9840c3d8bcbf28bc854081003e3e5c6fdcf52b0e8d86096acc920a2279666ccc
solo,3440284749848459536,-13.921333333333337,316.0,0.34199999999999997,1.0,0.378,0.0,04c00f8c83bb1f772eb6e9e2a2cd5947cac926e605d14dea85adbf9c04f35c9e
solo,8446819522945101579,-92.59233333333333,-168.0,-0.45099999999999996,-1.0,-0.09199999999999997,0.0,2b7464b3886a791eea589ab3ef59b92d15deb47f6ef68e87b3bbea4e78df920c
solo,14487583833787780440,-18.590333333333334,241.0,0.17633333333333334,1.0,0.2863333333333333,0.0,1ce58a477a727cda5d0770b03a867a378066fd0df16ae65f6d8715c9f4d2090a
solo,11021507414342284230,-62.746333333333325,75.0,-0.07533333333333336,0.0,0.1406666666666666,0.0,02d8e79e37668e4851a59b8640e711f6597e33663b3cd281ba2925ca1eb66aae
solo,6317990673999603831,-57.091,112.0,0.0,0.0,0.19833333333333336,0.0,36fbfe76b4e121bd1396f3dc7567297df767789b3e0b219b041d36668e128ed3
solo,9292172507392153961,-82.22633333333334,114.0,0.0,0.0,0.21533333333333332,0.0,25df4c414b5c67fe3ae4d4739735e1e53e2203e63a0110085b6dbf71a7d0e65b
solo,12332638190369821084,-24.770000000000003,200.0,0.11499999999999999,0.0,0.26066666666666666,0.0,593576e2014a27f81ee3ea6cd8fcbd274b7a1c93359e98fa1c541636520b4587
solo,528675050076819788,-23.31066666666667,239.0,0.19399999999999995,1.0,0.30133333333333334,0.0,800ad7495b9c61b0296470f65cf542acf1513c61b538861f84fae1be596e3f7f
solo,13384892673560858901,-51.88066666666666,124.0,0.009000000000000008,0.0,0.18066666666666664,0.0,10992f09320a37f840c1ccbb1e6471b5f46e42ed60829008ee92d6242c375381
solo,3640200104490204135,-20.640333333333338,295.0,0.265,1.0,0.35833333333333334,0.0,d565df9779a202a25a98d61e9c3f720b4997518d3fadf37e5c0363332eca08e1
solo,11145610546945967640,-63.04066666666667,168.0,0.0,0.0,0.24866666666666665,0.0,fef4863833ee237290e0f3836a08a2172fe8f396dc98cdfe979074c47ebf85e0
solo,6127918265318343173,-31.15633333333333,244.0,0.23533333333333328,1.0,0.3186666666666666,0.0,a54489e2a3b4550fa41734f577d999697804c1cf6eb4264573a46e9b90c70f39
solo,7365264049418369774,7.9410000000000025,287.0,0.3103333333333333,0.0,0.303,0.0,8cc917afecd3dab828e9dd3c3d2a7f07dc4e65490d4ec96508e73e2714bd2a6f
solo,208123470547061176,-69.53299999999999,152.0,0.0,0.0,0.23500000000000004,0.0,8793a45fc96917ebb7a85c4cd03e7f288a55f6c10137390d83ea57450efba347
solo,13640199601723556817,-69.987,101.0,0.0,0.0,0.1846666666666667,0.0,2c40266c713fd47f69299f95f896c5a55f7a340c6e1a330a6177adebac2c9816
solo,17708342339199128345,-22.64266666666667,329.0,0.27,1.0,0.373,0.0,71f8e077c2a209f269561c9922a801c2b172bf63bd6efca11baf21b25fa1e346
solo,13004855061970905751,2.738999999999997,303.0,0.3823333333333333,1.0,0.387,0.0,fb433a24044f346e6101a70a4a1f80c4783b16fcb04735af0245792089abbc23
solo,4187706870314298444,-60.96933333333333,143.0,0.01866666666666672,1.0,0.22866666666666668,0.0,f3b91879dc3e1ee6e767ddecce3f6e2c1d96d0d5a65625771c75bd65e7c5c961
solo,1820663875143982942,-45.18366666666667,178.0,0.07999999999999996,1.0,0.2536666666666667,0.0,4a074761ec595ea6f99c0a47b5cd54837abec5629a3774598743654e52ab3341
food_pressure,16192517873885417067,29.417666666666662,438.0,0.4826666666666667,1.0,0.43399999999999994,302.0,678135abe3fdac829afc606b4e84dfded72065d91c02bc24807079bfe86e9247
food_pressure,10920110222769794835,-80.22133333333333,-37.0,-0.20866666666666667,0.0,-0.02566666666666667,-147.0,7200c303bd9e1082ddc5b6356bbdcf074cea0430b655217154b4230800e287f7
food_pressure,12716181714695619655,17.758333333333333,418.0,0.43866666666666665,0.0,0.4136666666666666,139.0,5a35109d24ed2aca138e8dd4ecc1461279c920ba30e18ed486620391840f8803
food_pressure,1935162690410127757,-19.23666666666667,378.0,0.354,1.0,0.339,363.0,1970f4bc554bdd2dfa8867e6efd2aa329f5409fa406650016248e3c417513690
food_pressure,3791818657801496014,-3.525333333333336,324.0,0.30533333333333335,1.0,0.36266666666666664,16.0,9525c54fab4cfc6577499ffa429f64c26b141b6425fd0c2244a2f895592e3dbe
food_pressure,5113956037769663468,6.243333333333336,324.0,0.311,0.0,0.33099999999999996,41.0,91a9d8bfc33e9fd5d59afd35a9c662db79053683faafcf542c1abbb606faf053
food_pressure,8449105908865752387,-56.43066666666667,-196.0,-0.32066666666666666,0.0,-0.10866666666666666,-92.0,1556d8f942dc9ac049ec39c5a5e3ada6114c3618ccfe8bc5add35d31ee55aaeb
food_pressure,11326830019122418384,-43.09566666666667,192.0,0.015000000000000013,1.0,0.17733333333333334,88.0,7557ea0a65682e0142076efa0dfc45583882f6480e9fdb108006d8fa9993f5c0
food_pressure,8487567884664011888,-11.617666666666665,217.0,0.18833333333333335,0.0,0.24633333333333335,-84.0,54d7d3d841f488f701b259338d8a552ce5777396e9302c75b6612efa448ebcd6
food_pressure,3244070577842118511,-16.42233333333334,286.0,0.2683333333333333,1.0,0.3636666666666667,424.0,49580d615c77312d234838c4debdafcb151dd789a7183553c0b3f4d9620d1917
food_pressure,17930486455161109425,17.229,280.0,0.29633333333333334,0.0,0.2783333333333333,201.0,da6c5596ab4a26ceadc0a54928ce831fa3dced2ece08a88f0417c57224ca2298
food_pressure,4635222724935381574,-79.508,-157.0,-0.4196666666666667,0.0,-0.13733333333333336,-391.0,75195c01b66736a78de8e921751c80a88bd0fa41c5d0c61f6af7b49a3ee700d8
food_pressure,13107574195066950903,-15.013666666666666,276.0,0.28966666666666663,1.0,0.32733333333333337,183.0,108502747d4a4b220c3a98b40a73f5b10f83b11c5d29e6f08d8f55f6daa62335
food_pressure,8998822933635128902,-3.8783333333333303,240.0,0.16833333333333333,0.0,0.24599999999999997,232.0,8ecf1bbeb8d7490c19fbb3b73a3b0e532747e9548a687d47fcfea4444bf60b91
food_pressure,7877913725436959869,-15.030333333333331,222.0,0.23399999999999999,1.0,0.28733333333333333,237.0,03e21ffed9e738c1ee9e7278d50715b840d671cdbbb75666e6ea3db314f0b11e
food_pressure,5034708075750202354,15.957666666666668,455.0,0.5453333333333333,0.0,0.45499999999999996,667.0,dae9979fa7744a7f499cbb12ce8710a976b25c1e370b55cc91f776ab3ac77a75
food_pressure,786156824251810237,0.15533333333333132,330.0,0.30133333333333334,1.0,0.3363333333333333,258.0,4f50164352d3f7cea865988ea95eec4a7f2a1005cd190144d8a9c9b9d05f6409
food_pressure,2274921209271322910,15.494333333333334,335.0,0.436,0.0,0.28833333333333333,336.0,c2ad012260494129b50d9ed19c6a8f30a5cdcb2343991f74df1b9e4f10e89d2a
food_pressure,15264164083411812281,45.07300000000001,491.0,0.6753333333333333,1.0,0.5166666666666666,421.0,7b3004bf8955071cfbb90a4a700f0186373bb6b60dc55f03e787ba5e4fc30baa
food_pressure,16585956335181253984,-43.017,38.0,-0.1376666666666666,0.0,0.018333333333333313,-42.0,e443324a6cc7c8717b90a89059e062e96c0439711b2ad00a7a625227ee90a454
food_pressure,10481940072710683365,26.904999999999998,479.0,0.5486666666666666,1.0,0.5023333333333333,497.0,9bc745cc3f25a2f7396547a330b6e22b5c53bb8e1b149a22a385ea7b73b35230
food_pressure,17815581025328684310,24.375333333333337,460.0,0.5373333333333333,1.0,0.4756666666666667,263.0,dca35f8f15d496864102557fbfd112861f731a03965df679ff31744529de8b7d
food_pressure,3277579945076463464,20.005,335.0,0.312,0.0,0.2843333333333333,340.0,4d76fef8e19039ebd8d923a1fb744865043228824e1115d3785cf9f43d2d9014
food_pressure,659299000482025000,-6.894666666666666,341.0,0.2743333333333333,1.0,0.3183333333333333,367.0,39b2dd263cccc8e2fbe4047ae8de07bc0783c58324f6f324b5218697847facc9
food_pressure,9215946228622177101,53.199,523.0,0.7253333333333334,1.0,0.5536666666666666,564.0,193be7bd637d5557749816ba438ac69a2dcf9d7c20f2c0f756c734fb6669426a
food_pressure,5551184893446187821,-9.12266666666666,362.0,0.43000000000000005,1.0,0.4106666666666667,492.0,63abb259943d421a142a816694be929ba905367276cb15cba17a08d1e6ce7502
food_pressure,15675219176053374575,-16.52033333333334,108.0,-0.07666666666666666,0.0,0.1256666666666667,4.0,12a17e4dd03ce97a7fbdf6e2f89fa33d6b45e0b2f2067a0cd7e245ebeeceeaae
food_pressure,7667143633049166717,-18.425666666666665,212.0,0.13533333333333342,0.0,0.21533333333333338,148.0,7b6dd59cf83b473ba73ac0f3b9ca431409c3a84a50c4799c4cba8cedcec3e9d6
food_pressure,13101762862354973690,-36.69566666666667,39.0,-0.022333333333333316,0.0,0.11599999999999999,7.0,fa4b7ce3bda444e92b962707e22c86b16a9b546c97b572e045fc9ce298f31528
food_pressure,10249784966359477637,-24.553666666666658,259.0,0.21066666666666667,1.0,0.2653333333333333,20.0,6fb8165af38212a9c457a4ae01ad8398f080066dd4a71bfe3f62b2f39a1fba2b
food_pressure,7165479381385786982,28.584333333333333,365.0,0.4126666666666666,0.0,0.32899999999999996,299.0,7eb5ef80edf6bb121f76102bf3d8077c9aba31874c5527e0c50c007f1212eb91
food_pressure,18422725904578179737,36.67366666666667,372.0,0.499,0.0,0.385,365.0,c64fa82482ada7810bc611e8bb094c31ab32a10fd28193c1991863f3931066a6
mixed,14562651175678100061,18.217333333333336,370.0,0.42366666666666664,1.0,0.4453333333333333,288.0,66f1e118388f7ac05ac21a0957442b07c57d13a8ba0eab7a4ab952f5c05e7204
mixed,12406178844933590181,23.659,445.0,0.42800000000000005,1.0,0.4703333333333333,174.0,3c2ddecd55e75ced06e3802fd3aed0431b2cc62287068e4bccf9773f72bb7c19
mixed,9548350865846365723,-69.47966666666667,9.0,-0.18333333333333335,-1.0,0.052666666666666695,33.0,fda9f141184d53a488c1f68f6aa775226c4d2b9790a6ae7dd20df2e401397bec
mixed,1974410406836295671,64.724,641.0,0.9003333333333333,1.0,0.6020000000000001,815.0,78dd6abb26a205708c95fc4df1ae7c32be87316517fd2bed05daa500ad59e067
mixed,7030610132412165171,13.632666666666665,369.0,0.3986666666666666,1.0,0.41400000000000003,-7.0,f17a465b540ccb42544c207e39bd8242e77db17d0f4ad5774cc0171862c8ee78
mixed,7772440484760559137,-11.710666666666668,284.0,0.21099999999999997,1.0,0.31366666666666665,91.0,00ead870a28e87021bac377ac0356cff505555646d2abed50572b2101c4652c8
mixed,8080331926505571154,-2.3330000000000055,295.0,0.32833333333333337,1.0,0.348,319.0,2b99da6be2ee24b8d26f28790928ddd0acb5ef9656aea341a0f40154434e7328
mixed,9262212618720037556,13.733666666666664,342.0,0.33199999999999996,0.0,0.3320000000000001,214.0,d617746d8e9f1475e06b71fa4b2f0dd439e07ac1202c2dcc7fdda413c22d3421
mixed,16200939255148765530,-66.90566666666666,35.0,-0.2506666666666667,-1.0,0.032999999999999974,-130.0,ad7ff96648cfae4463a7808b0d5062b29107f4c6dc7073425804956abba7843d
mixed,16405999982674262516,7.091666666666667,165.0,0.14100000000000001,0.0,0.13566666666666669,-48.0,0ee8151f464684b9d7be5b641791b422b61c3f9757bc90d0c937da65811f9631
mixed,6835094256156589366,-5.647999999999996,218.0,0.15900000000000003,0.0,0.23966666666666664,27.0,6aa9e587363447106a402ab2ebd973aedd43c9983a9c02d74b8a51096d3c2bf6
mixed,18366786118702078514,-86.076,144.0,0.0,0.0,0.18833333333333324,115.0,dc56d034706893841b3213298383add2a0e0c569f009e6c1776c0262481db682
mixed,16506604647445547569,6.920000000000002,339.0,0.3636666666666667,0.0,0.3476666666666667,54.0,6f13315f366a50efd22b96d1bc22571e43df7b0bf7ab4310f1420b6b9adf40cb
mixed,5092940943337578524,-52.81400000000001,96.0,-0.019333333333333313,0.0,0.15233333333333332,-58.0,b3fd6ad704b87dfc82375f50d6711afeae21927cef443432a14d85be28149601
mixed,12236840169575807470,-48.53,127.0,-0.04133333333333333,0.0,0.11599999999999994,-153.0,eb6cbdfdc6f29649e1807c4efabdf9027e59d2dc8b6c8f4b4dd1693898d38781
mixed,5083519204779285779,13.825000000000003,439.0,0.4786666666666667,1.0,0.45266666666666666,138.0,22d70249332635bebfc8906746265fd103a5e0bffe2d25386e2931aeb64424da
mixed,14716404927243984435,15.620666666666672,457.0,0.5366666666666666,1.0,0.472,310.0,d41beb0e879dd3656e370125f70336c9ba352580e622d68c1520792ac0cf5a06
mixed,17444051516228656710,-20.956666666666663,91.0,-0.02733333333333332,0.0,0.12866666666666665,-95.0,1ce74b12f9095172b62305b7fa18eb0e2b0361d79090b98577b3893b9888ecbb
mixed,13482413975485317251,-26.007333333333335,224.0,0.1316666666666667,0.0,0.26300000000000007,206.0,cdd5091e3ecc97102a90ac06a0c4172ee2208e083c1703bef508496de9266d30
mixed,6313104116217818699,-10.346333333333334,263.0,0.16433333333333333,1.0,0.27466666666666667,29.0,da96fa6da824d27fc8771feec19fb95b233af8fe610a6ae8646c369ee8bff71e
mixed,6023414973663021434,26.711333333333336,454.0,0.483,1.0,0.46066666666666667,97.0,fdd8faf51cacab81db43ef4fcd8672445e62a3c9b046beee4ae6a424f5740088
mixed,11745720121151295605,-17.574666666666666,218.0,0.17399999999999993,0.0,0.2653333333333333,-69.0,f13000038ab2d14b4eff1b7e72f6c39681eba6564c2924719feb6208ded2c8bc
mixed,10084855797817045400,45.53966666666667,523.0,0.6566666666666667,1.0,0.5203333333333333,128.0,e48ceabd769757a9e0df759d8a61bd129734c68d3c57ceb205f4eecd801064f2
mixed,17119126874216808175,-21.154999999999994,310.0,0.29833333333333334,1.0,0.3613333333333333,-19.0,00e8b7230b7abf845cd71342156709323941f770e59e02bb5f79bc6fea61d79f
mixed,6653566638572307207,-18.40233333333333,-115.0,-0.22166666666666668,0.0,-0.054333333333333345,-146.0,202399d2c3d3f86c2af2522cd1e07ea3a277faf65bfbd95add2d152f780e1a0e
mixed,18164987170752360538,28.88033333333334,428.0,0.4796666666666667,1.0,0.435,-95.0,05749214f2b3d1bf8c77325021e5840861f387e1a8921a23bdf6d72e8ae7f9ff
mixed,1590852979915278712,37.67333333333333,461.0,0.5903333333333334,1.0,0.484,471.0,dc2dd8c220dbd98b7070e2129fceacf49697702d1bcd06b60303c1c0b54ec8a2
mixed,17546497260430070853,-2.86633333333333,314.0,0.3623333333333333,1.0,0.33399999999999996,286.0,cea7f04f75423393652bb1b0811fb262540950d85cd7dc6788ad1ddaefaefd04
mixed,16259956816342014875,-96.99166666666667,-169.0,-0.41433333333333333,-1.0,-0.08499999999999996,-276.0,307745bb3ec4addcdee1d359b68cd5a626b59d7e3691d424fa9713e322884361
mixed,3576283815071817049,41.290333333333336,515.0,0.613,1.0,0.516,804.0,516095632df6e4a8c8fd7e966c1ec1233145da5d40d82cddb1da04dc62822148
mixed,6699619844396011259,-18.820333333333334,111.0,-0.015333333333333365,0.0,0.096,-66.0,88f4dd93d5b7ae9ae8d29a90e1e1ae57282273a27d5f86520491f2b72862ce34
mixed,609512821052192061,-14.458333333333332,97.0,0.05233333333333334,0.0,0.10966666666666669,159.0,cf3e2af6f24ab40bda109dd23c3babfbc9a1314c35e7f481ebe9d602fe72c9e3
